img_id,anno_image_quality,anno_texts
mcocr_private_145120ypcjr.jpg,0.737092435359955,"MINIMART ANAN|||Chợ Sủi Phú Thị Gia Lâm|||Ngày: 16/08/2020-17:57|||Tổng cộng|||288,000"
mcocr_private_145120euvko.jpg,0.753042817115784,"CỬA HÀNG NĂM OÁNH|||Thôn Phú Thuỵ, Xã Phú Thị, Huyện Gia Lâm, TP Hà Nội|||Ngày: 12-08-2020|||Cộng tiền hàng|||445,000"
mcocr_private_145120aedhd.jpg,0.39960378408432,"TÊN MỊ LY:|||VINH VINH TINH BINH|||ĐỊA CHỈ MI LÝ|||CHM PHA QUANG NINH|||11:15:25|||15/05/2000||||||TỔNG CÔNG|||UND63,200"
mcocr_private_145120rtovn.jpg,0.632758975028992,"Tiêm độ|||Than|||244/23a Huỳnh Văn Bánh, P.11, Q.PN|||Ngày/ giờ vào:|||05.10.2020 10.15|||05.10.2020 10.16|||Ngày/ giờ ra:|||Tiên Thanh Toán|||117 000"
mcocr_private_145120ywkur.jpg,0.569247901439667,"BIDVO|||5156-VINNART|||TÊN MỊ LÊ:|||5156-10 7 NINH TIẾN A|||ĐỊA CHỈ ĐẠI LÝ|||CAM BINH CAM PHA QN|||13/08/2828|||20:29:45|||TỔNG CỘNG|||UND461,288"
mcocr_private_145120bgmgl.jpg,0.720421850681305,"VinCommerce|||VM+ QNH Tổ 7, Khu Minh Tiến A|||Tổ 7, Khu Minh Tiến A|||P.Cẩm Bình, TP. Cẩm Phả, QNH|||Ngày bán: 14/08/2020 16:40|||TỔNG TIẾN PHẢI T. TOÁN|||4.500"
mcocr_private_145120lqifx.jpg,0.769785761833191,"VinCommerce|||VM+QNH 1060-1062 Trần Phú|||Số 1060-1062 Đường Trần Phú|||TP.Cẩm Phả, Quảng Ninh|||Ngày:13/08/2020|||Thời gian:20:58|||"
mcocr_private_145120qoenw.jpg,0.733776926994324,"VinCommerce|||VM+ QNH Tổ 7, Khu Minh Tiến A|||Tổ 7, Khu Minh Tiến A|||P.Cẩm Bình, TP. Cẩm Phả, QNH|||Ngày bán: 11/08/2020 09:08|||TỔNG TIỀN PHẢI T. TOÁN|||99.000"
mcocr_private_145120nwmjf.jpg,0.74917334318161,"NHÀ SÁCH GD-TC CẨM PHẢ|||ĐC: 212 Đường Trần Phú-Cẩm Phả|||Thời gian:09:59:51 - 15/08/2020|||Tổng số thanh toán|||22.000d"
mcocr_private_145120cykek.jpg,0.572903990745544,"THỨC COFFEE|||22 Quang Trung, P10, Gò Vấp|||24.03.2019|||Ngày|||Giờ ra:|||Giờ vào:|||Tiền Thanh Toán|||35 000"
mcocr_private_145120yirof.jpg,0.645108163356781,"VinCommerce|||VIN4 ANH 590 Trần Phú|||Số 590 Trần Phú, P. Càm Thủy|||TP. Cầm Phả, Quảng Ninh|||Ngày:15/08/2020|||Thời gian:07:30|||"
mcocr_private_145120ipczv.jpg,0.806458652019501,"CỬA HÀNG NĂM OÁNH|||Thôn Phú Thuỵ, Xã Phú Thị, Huyện Gia Lâm, TP Hà Nội|||Ngày: 12-08-2020|||Cộng tiền hàng|||51,500"
mcocr_private_145120kmaos.jpg,0.510126352310181,"TÊN MỊ LY.|||VINNART|||ĐỊA CHỈ:|||TỐ 7 KHU MINH TIẾN A, P.CÁ|||08/08/2020 21:54:35|||TỔNG|||150.000 Đ"
mcocr_private_145120dbokx.jpg,0.780723392963409,"MINIMART ANAN|||Chợ Sủi Phú Thị Gia Lâm|||Ngày: 10/08/2020-16:43|||Tổng tiền|||54,000"
mcocr_private_145120ipajj.jpg,0.52928614616394,"VinCommerce|||VINH ONH 112 Thanh Niên|||Số 112 Thanh Niên, P. Cảm Thành|||TP. Cảm Phá, Quảng Ninh|||Ngày bán: 11/08/2020 22:03|||TỔNG TIẾN PHẢI T. TOÁN|||21.400"
mcocr_private_145120xjrbo.jpg,0.565384984016418,"VinCommerce|||VINH ONH 112 Thanh Niên|||Số 112 Thanh Niên, P. Cảm Thành|||TP. Càm Phá, Quảng Ninh|||Ngày bán: 12/08/2020 16:04|||TỔNG TIẾN PHẢI T. TOÁN|||75.000"
mcocr_private_145120apnkj.jpg,0.714572012424469,"MINIMART ANAN|||Chợ Sủi Phú Thị Gia Lâm|||Ngày: 11/08/2020-10:26|||Tổng tiền|||56,000"
mcocr_private_145120ihcbk.jpg,0.675953090190887,"VinCommerce|||VM+ QNH Tổ 7, Khu Minh Tiến A|||Tổ 7, Khu Minh Tiến A|||P.Cẩm Bình, TP. Cẩm Phả, QNH|||Ngày:14/08/2020|||Thời gian:17:11|||"
mcocr_private_145120mwmhc.jpg,0.69920951128006,"Saigon Co.op|||Co.op Food HN THE K-PARK|||Tang 1,SH42 - Toa K3, Cong trinh chung cu|||ket hop đich vu tren o dat H-CT2 thuoc|||Du an Dau tu xay dung Khu nha o Hi Brand|||tai Khu do thi moi Van Phu,|||P. Phu La, Q. Ha Dong, Tp Ha Noi|||Ngay: 19/09/2019|||Tong so tien thanh toan:|||169,190.00"
mcocr_private_145120opuod.jpg,0.769535481929779,"MINIMART ANAN|||Chợ Sủi Phú Thị Gia Lâm|||Ngày: 12/08/2020-14:28|||Tổng tiền|||450,000"
mcocr_private_145120bdbex.jpg,0.799455165863037,"MINIMART ANAN|||Chợ Sủi Phú Thị Gia Lâm|||Ngày: 11/08/2020-19:39|||Tổng tiền|||229,032"
mcocr_private_145120czmqe.jpg,0.661445558071137,"VinCommerce|||VIN4 QNH 86 Trần Phú|||Số 86 Đường Trần Phú, P. Cảm Tây|||TP Cảm Phà, T. Quảng Ninh|||Ngày bán: 11/08/2020 10:19|||TỔNG TIẾN PHẢI T. TOÁN|||142.826"
mcocr_private_145120xlqul.jpg,0.364004880189896,"TÊN MỊ LÝ|||VGR VINHART 1939 UMINH|||ĐỊA CHỈ BẠI LÝ|||2060-2062 than phu|||CAM PHA QUANG NINH|||1208/2020|||12:03:05|||TỔNG CỘNG|||UND401,600|||UND585,990"
mcocr_private_145120caqdr.jpg,0.739383697509766,"VinCommerce|||VM4 QNH Dự án KDC lấn biển cọc 6|||DA KHU DCLB CỌC 8, P. CÀM SƠN|||TP. Cảm Phả, T. Quảng Ninh|||Ngày bán: 14/08/2020 20:45|||TỔNG TIẾN PHẢI T. TOÁN|||103.872"
mcocr_private_145120zmrbk.jpg,0.698382437229157,"Laha Cafe|||JUST GOOP COFFEE|||857 Nguyễn Kiện, P3, Q.Gò Vấp|||Ngày:|||09.10.2C20 Giờ vào: 18.31|||Tiền Trá Khách|||24000"
mcocr_private_145120nbtnw.jpg,0.653998017311096,"the coffee house|||403 Phan Huy Ích, P.14, Q.Gò Vấp|||Thời gian:01.10.2020 08.59|||Thanh Toán|||58 000"
mcocr_private_145120qgzmk.jpg,0.63976913690567,"SIEU THI BACH HOA TONG HOP|||Số 5 Cẩm Tây - Cẩm Phả - QN|||Ngày: 10/08/2020-10|||Tổng cộng (đã góm VAT)|||104,000"
mcocr_private_145120cksbv.jpg,0.681675851345062,"NHÀ SÁCH GD-TC CẨM PHẢ|||ĐC: 212 Đường Trần Phú-Cẩm Phả|||Thời gian:07:44:54 - 11/08/2020|||Tổng số thanh toán|||40.000d"
mcocr_private_145120dwtci.jpg,0.621516108512878,"VinCommerce|||VINH ONH 590 Trần Phú|||Số 590 Trần Phú, P. Cảm Thủy|||TP. Cảm Phả, Quảng Ninh|||Ngày bán: 13/08/2020 21:35|||TỔNG TIẾN PHẢI T. TOÁN|||10.000"
mcocr_private_145120hncxt.jpg,0.585190236568451,"NHÀ SÁCH GD-TC CẨM PHẢ|||ĐC: 212 Đường Trần Phú-Cẩm Phả|||Thời gian:09:45:57 - 13/08/2020|||Tổng số thanh toán|||93.000d"
mcocr_private_145120cbske.jpg,0.578945219516754,"VinCommerce|||VINH ONM TÔ 7, KHU MINH TIẾN A|||Tô 7, Khu Minh Tiên A|||P. Cầm Bình TP. Cảm Phú, Canh|||Ngày bán: 13/08/2020 17:31|||TỔNG TIẾN PHẢI T. TOÁN|||21.542"
mcocr_private_145120twstz.jpg,0.538258910179138,"VINNARI|||TÊN ĐAI LÝ....|||TỔ 7 KHU MINH TIẾN A, P.CÁ|||ĐỊA CHỈ:|||Ngày:00-08/2020|||09-08/2020 12:19:59|||TẠI QUÂY|||430.000 Đ"
mcocr_private_145120yaqdo.jpg,0.477973490953445,"INCOM SKYLAKE|||VinCommerce||||||Ngày bán: 18/08/2020|||TỔNG TIẾN PHẢI T. TOÁN|||71.500"
mcocr_private_145120jihqh.jpg,0.638560354709625,"CHẾ BUNG||||||Ngày: 0: 13/0020 (20:11)|||"
mcocr_private_145120rykrc.jpg,0.611336410045624,"VinCommerce|||TP Cẩm Phả, T.Quảng Ninh|||Ngày bán:08/08/2020 21:02|||TỔNG TIẾN PHẢI T. TOÁN|||177.700"
mcocr_private_145120pbtzc.jpg,0.710187792778015,"VinCommerce|||VIN4 QNH SỐ 463 TỔ 66 Khu Diêm Thủy|||Số 463, Tổ 66, Khu Diêm Thủy|||P. Cảm Đông, TP. Cảm Phả|||Ngày bán: 15/08/2020 07:22|||TỔNG TIẾN PHẢI T. TOÁN|||40.900"
mcocr_private_145120fhsok.jpg,0.63370668888092,"VinCommerce|||VIN4 QNH 86 Trần Phú|||Số 86 Đường Trần Phú, P. Cảm Tây|||TP Cầm Phả, T. Quảng Ninh|||Ngày:09/08/2020|||Thời gian: 16:35|||"
mcocr_private_145120tdhhr.jpg,0.638140976428986,"PHÔ MÔ|||Tổ 7 khu Tân Lập 4 - P.Cẩm Thủy|||Tp. Cẩm Phả - Quảng Ninh|||13/08/2020 - 22:14|||Tổng cộng:|||12,000"
mcocr_private_145120qlhnj.jpg,0.543998003005981,"Chef's BBQ1||||||Ngày: 19/12/2019|||Ngày họn giao: 19/12/2019 - 12:25 CH|||Tổng thanh toán|||594.000đ"
mcocr_private_145120osdez.jpg,0.726542174816132,"MINIMART ANAN|||Chợ Sủi Phú Thị Gia Lâm|||Ngày: 13/08/2020-20:28|||Tổng cộng|||356,000"
mcocr_private_145120rgoiu.jpg,0.696066796779633,"Guitar Cafe|||28 Phan Chu Trinh, Hiệp Phú, Quận 9, Hồ|||Ngày lập: 02/10/2020|||Thành tiên: 85,000"
mcocr_private_145120schnz.jpg,0.603637635707855,"Saigon Co.op|||Co.op Food HN THE K-PARK|||Tang 1,SH42 - Toa K3, Cong trinh chung cu|||ket hop đich vu tren o dat H-CT2 thuoc|||Du an Dau tu xay dung Khu nha o Hi Brand|||tai Khu do thi moi Van Phu,|||P. Phu La, Q. Ha Dong, Tp Ha Noi|||Ngay: 17/09/2019|||11:35:49|||Tong so tien thanh toan:|||23,000.00"
mcocr_private_145120ycjmc.jpg,0.673303544521332,"VinCommerce|||VM+ QNH Tổ 7, Khu Minh Tiến A|||Tổ 7, Khu Minh Tiến A|||P.Cẩm Bình, TP. Cẩm Phả, QNH|||Ngày bán:09/08/2020 18:11|||TỔNG TIẾN PHẢI T. TOÁN|||-10.800"
mcocr_private_145120rwtpw.jpg,0.741174280643463,"CỬA HÀNG NĂM OÁNH|||Thôn Phú Thuỵ, Xã Phú Thị, Huyện Gia Lâm, TP Hà Nội|||Ngày: 12-08-2020|||Cộng tiền hàng|||42,000"
mcocr_private_145120irora.jpg,0.823005676269531,"MINIMART ANAN|||Chợ Sủi Phú Thị Gia Lâm|||Ngày: 15/08/2020-21:27|||Tổng cộng|||27,000"
mcocr_private_145120cwwpk.jpg,0.768233060836792,"NHÀ SÁCH GD-TC CẨM PHẢ|||ĐC: 212 Đường Trần Phú-Cẩm Phả|||Thời gian:18:33:01 - 14/08/2020|||Tổng số thanh toán|||97.000đ"
mcocr_private_145120pjejw.jpg,0.693375051021576,"VinCommerce|||VM+ QNH Tổ 7, Khu Minh Tiến A|||Tổ 7, Khu Minh Tiến A|||P.Cẩm Bình, TP. Cẩm Phả, QNH|||Ngày bán: 14/08/2020 10:48|||TỔNG TIẾN PHẢI T. TOÁN|||116.500"
mcocr_private_145120ljmmd.jpg,0.725021660327911,"NHÀ SÁCH GD-TC CẨM PHẢ|||ĐC: 212 Đường Trần Phú-Cẩm Phả|||Thời gian:21:34:59 - 14/08/2020|||Tổng số thanh toán|||25.000d"
mcocr_private_145120pxmgi.jpg,0.586380839347839,"VinCommerce|||VIN4 139 Chiến Thắng|||Số 139 đường Chiến Tháng|||P Tân Triều, H Thanh Tri, Hà Nội|||Ngày bán: 13/08/2020 08:31|||TỔNG TIỀN PHẢI T. TOÁN|||192.800"
mcocr_private_145120yvjhy.jpg,0.406502485275269,"TÊN MỊ LI:||||||ĐỊA CHỈ MI LÝ:|||TU 8 HU 38 P CAM THUPH|||CAM PHA QUANG NINH|||2000/2020|||14:29:47|||TỔNG CỘNG|||UND455,382"
mcocr_private_145120dyknb.jpg,0.775860011577606,"MINIMART ANAN|||Chợ Sủi Phú Thị Gia Lâm|||Ngày: 09/08/2020-17:24|||Tổng tiền|||72,000"
mcocr_private_145120vxrkb.jpg,0.525684356689453,"VinCommerce|||VM+ QNH Tổ 7, Khu Minh Tiến A|||Tổ 7, Khu Minh Tiến A|||P.Cẩm Bình, TP. Cẩm Phả, QNH|||Ngày bán:09/08/2020 18:39|||TỔNG TIẾN PHẢI T. TOÁN|||66.300"
mcocr_private_145120casxx.jpg,0.672599971294403,"ƯU ĐÀM CHAY|||34 Hàng Bài - Hà Nội|||Ngày|||14/08/2020|||705.000"
mcocr_private_145120dwgtk.jpg,0.59641307592392,"VinCommerce|||VINH CNH 112 Thành Miên|||Số 112 Thanh Niên, P. Cảm Thành|||TP. Cảm Phả, Quảng Ninh|||Ngày bán: 10/08/2020 10:10|||TỔNG TIẾN PHẢI T. TOÁN|||174.850"
mcocr_private_145120fuksi.jpg,0.643036723136902,"Saigon Co.op|||Co.op Food HN THE K-PARK|||Tang 1,SH42 - Toa K3, Cong trinh chung cu|||ket hop đich vu tren o dat H-CT2 thuoc|||Du an Dau tu xay dung Khu nha o Hi Brand|||tai Khu do thi moi Van Phu,|||P. Phu La, Q. Ha Dong, Tp Ha Noi|||Ngay: 23/09/2019|||Tong so tien thanh toan|||67,462.00"
mcocr_private_145120pfzbm.jpg,0.71846729516983,"VinCommerce|||VM QNH Dự án quỹ đất đường sắt|||DA QĐ dọc tuyến ĐS Tổ 3 Khu 2|||P. Cầm Sơn, TP. Cảm Phà, T. GN|||Ngày bán: 15/08/2020 11:44|||TỔNG TIẾN PHẢI T. TOÁN|||113.896"
mcocr_private_145120zcmaj.jpg,0.730793058872223,"MINIMART ANAN|||Chợ Sủi Phú Thị Gia Lâm|||Ngày: 15/08/2020-08:46|||Tổng cộng|||218,000"
mcocr_private_145120xjofx.jpg,0.731772184371948,"Saigon Co.op|||Co.op Food HN THE K-PARK|||Tang 1,SH42 - Toa K3, Cong trinh chung cu|||ket hop đich vu tren o dat H-CT2 thuoc|||Du an Dau tu xay dung Khu nha o Hi Brand|||tai Khu do thi moi Van Phu,|||P. Phu La, Q. Ha Dong, Tp Ha Noi|||Ngay: 19/09/2019|||17:58:19|||Tong so tien thanh|||6,400.00"
mcocr_private_145120rtacs.jpg,0.608998656272888,"Saigon Co.op|||Co.op Food HN THE K-PARK|||Tang 1,SH42 - Toa K3, Cong trinh chung cu|||ket hop đich vu tren o dat H-CT2 thuoc|||Du an Dau tu xay dung Khu nha o Hi Brand|||tai Khu do thi moi Van Phu,|||P. Phu La, Q. Ha Dong, Tp Ha Noi|||Ngay: 19/09/2019|||Tong so tien thanh toan|||59,190.00"
mcocr_private_145120etnlw.jpg,0.782500684261322,"MINIMART ANAN|||Chợ Sủi Phú Thị Gia Lâm|||Ngày: 16/08/2020-08:44|||Tổng cộng|||257,000"
mcocr_private_145120cgsjj.jpg,0.634186029434204,"Phúc Anh Minimart|||248 Cổ Bi - Gia Lâm - Hà Nội||||||Khách phải trả|||327,000"
mcocr_private_145120vcrvo.jpg,0.663656294345856,"SIEU THI BACH HOA TONG HOP|||Số 5 Cẩm Tây - Cẩm Phả - QN|||Ngày: 09/08/2020-15:|||Tổng cộng (đã gồm VAT)|||30,000"
mcocr_private_145120gcfei.jpg,0.455574482679367,"VinCommerce|||VINH CHM 1511 CHU MINH TIẾN A|||P Cầm Bình P Lâm Phá, Câm|||Ngày bán: 13/08/2026 11:29|||TỔNG TIÊN PHẢI T. TOÁN|||146.400"
mcocr_private_145120ndgdc.jpg,0.687856495380402,"VinCommerce|||VM + HNI 32 Láng Trung|||Số 32 ngõ Láng Trung, P. Láng Hà|||Q. Đống Đa, Hà Nội|||Ngày bán:22/07/2020|||TỔNG TIẾN PHẢI T. TOÁN|||27.500"
mcocr_private_145120mnfhj.jpg,0.61178195476532,"SCTC CÔ THỎ 104 TRẦN PHÚ - CẨM|||PHẢ|||Thà - phường Cẩm Tây - Thành phố Cấm|||Phá - Quảng Ninh|||Ngày: 09/08/20:0 (08:09 CH - 08.09 CH)|||Tổng thanh toán|||25.000đ"
mcocr_private_145120imnbf.jpg,0.711841404438019,"CỬA HÀNG NĂM OÁNH|||Thôn Phú Thuỵ, Xã Phú Thị, Huyện Gia Lâm, TP Hà Nội|||Ngày: 12-08-2020|||Cộng tiền hàng|||72,000"
mcocr_private_145120xqamb.jpg,0.725406110286713,"MINIMART ANAN|||Chợ Sủi Phú Thị Gia Lâm|||Ngày: 10/08/2020-18:26|||Tổng tiền|||238,008"
mcocr_private_145120jlnto.jpg,0.356786042451858,"|||||||||Tổng thanh toán|||22.409.000"
mcocr_private_145120kfxtr.jpg,0.703299701213837,"MINIMART ANAN|||Chợ Sủi Phú Thị Gia Lâm|||Ngày: 13/08/2020-10:34|||Tổng tiền|||270,016"
mcocr_private_145120znpmt.jpg,0.728814542293549,"NHÀ SÁCH GD-TC CẨM PHẢ|||ĐC: 212 Đường Trần Phú-Cẩm Phả|||Thời gian:08:48:18 - 15/08/2020|||Tổng số thanh toán:|||11.000d"
mcocr_private_145120rfgjj.jpg,0.647268116474152,"VinCommerce|||VIN4 QNH 112 Thanh Niên|||Số 112 Thanh Niên, P. Cẩm Thành|||TP. Cảm Phà, Quảng Ninh|||Ngày bán: 15/08/2020 11:17|||TỔNG TIẾN PHẢI T. TOÁN|||43.800"
mcocr_private_145120ixnws.jpg,0.735771536827087,"MINIMART ANAN|||Chợ Sủi Phú Thị Gia Lâm|||Ngày: 13/08/2020-17:30|||Tổng cộng|||344,000"
mcocr_private_145120efpse.jpg,0.518104672431946,"VGR VINMART 1987 LUMỘNH|||TÊN ĐAI LÝ:|||10 8 KHU 3B P CAM TRUNG|||ĐỊA CHỈ ĐẠI LÝ|||CAM PHA QUANG NINH|||30/04/2020|||10:20:49|||TỔNG CỘNG|||UND341,100"
mcocr_private_145120azonx.jpg,0.683940947055817,"VinCommerce|||VM+ QNH Tổ 7, Khu Minh Tiến A|||Tổ 7, Khu Minh Tiến A|||P.Cẩm Bình, TP. Cẩm Phả, QNH|||Ngày bán: 14/08/2020 15:48|||TỔNG TIẾN PHẢI T. TOÁN|||104.800"
mcocr_private_145120dimiw.jpg,0.570534110069275,"VinCommerce|||VM+ QNH Tổ 7, Khu Minh Tiến A|||Tổ 7, Khu Minh Tiến A|||P.Cẩm Bình, TP. Cẩm Phả, QNH|||Ngày:12/08/2020|||Thời gian:20:52|||"
mcocr_private_145120gpiwi.jpg,0.745144426822662,"MINIMART ANAN|||Chợ Sủi Phú Thị Gia Lâm|||Ngày: 10/08/2020-17:20|||Tổng cộng|||88,000"
mcocr_private_145120ebzbl.jpg,0.777999401092529,"MINIMART ANAN|||Chợ Sủi Phú Thị Gia Lâm|||Ngày: 09/08/2020-21:02|||Tổng tiền|||26,000"
mcocr_private_145120yzfoc.jpg,0.630184352397919,"Saigon Co.op|||Co.op Food HN THE K-PARK|||Tang 1,SH42 - Toa K3, Cong trinh chung cu|||ket hop đich vu tren o dat H-CT2 thuoc|||Du an Dau tu xay dung Khu nha o Hi Brand|||tai Khu do thi moi Van Phu,|||P. Phu La, Q. Ha Dong, Tp Ha Noi|||Ngay: 20/09/2019|||Tong so tien thanh toan|||15,400.00"
mcocr_private_145120elnjb.jpg,0.463399469852448,"VGÀ LUINHART 1967 LUMÍNH|||TÊN MỊ LÝ|||10 8 KHU 3B P CAM TRUNG|||ĐỊA CHỈ MI LÝ|||CAM PHA QUANG NINH|||20/05/2020|||20:19:06|||TỔNG CỘNG|||UND171,500"
mcocr_private_145120xqxio.jpg,0.636408030986786,"THỨC COFFEE|||22 Quang Trung, P|||P, P10, Gò Vấp|||23.03.2019|||Ngày:|||Giờ vào:|||12.11|||Giờ ra:|||12.11|||Tiền Thanh Toán|||35 000"
mcocr_private_145120hfwms.jpg,0.662629902362824,"VinCommerce|||VM+ QNH Tổ 7, Khu Minh Tiến A|||Tổ 7, Khu Minh Tiến A|||P.Cẩm Bình, TP. Cẩm Phả, QNH|||Ngày bán: 13/08/2020 18:22|||TỔNG TIẾN PHẢI T. TOÁN|||22.510"
mcocr_private_145120sqevm.jpg,0.596300721168518,"VinCommerce|||VINH ONH 112 Thanh Niên|||Số 112 Thanh Niên, P. Cảm Thành|||TP. Cảm Phú, Quảng Ninh|||Ngày bán: 11/08/2020 17156|||TỔNG TIẾN PHẢI T. TOÁN|||30.000"
mcocr_private_145120clklv.jpg,0.675974190235138,"|||Tiết Kiệm Thời Gian, Tận Hường Cuộc Sống|||434 Nguyễn Văn Công, P.3, Q.Gò Vấp|||97 Thạch Lam, P.Hiệp Tân, Q. Tân Phú|||09:13/22|||24-03-2019|||Tổng tiền|||40,000"
mcocr_private_145120mdxbf.jpg,0.689724624156952,"VinCommerce|||VINH QNH 112 Thanh Niên|||Số 112 Thanh Niên, P. Cảm Thành|||TP. Cầm Phả, Quảng Ninh|||Ngày bán: 12/08/2020 11:40|||TỔNG TIẾN PHẢI T. TOÁN|||29.700"
mcocr_private_145120pyvtt.jpg,0.60333651304245,"AON|||BICYCLE SHOP||||||21:32 15/08/2020|||PHƯƠNG THỨC THANH TOÁN|||126.000"
mcocr_private_145120mfwwi.jpg,0.654176473617554,"VINNART|||TÊN ĐAI LÝ...|||ĐỊA CHI:|||11/08/2020 19:05:19|||TỔNG"
mcocr_private_145120wzxfx.jpg,0.649544298648834,"VinCommerce|||VINH QNH 86 Trần Phú|||Số 86 Đường Trần Phú, P. Cảm Tây|||TP Cảm Phá, T. Quảng Ninh|||Ngày bán:09/08/2020 16:07|||TỔNG TIẾN PHẢI T. TOÁN|||122.000"
mcocr_private_145120gdukg.jpg,0.573588848114014,"BIG C DI AN|||CTY TNHH EB BINH DUONG (EBBD)|||P. Đong Hoa, TX Di An, Tỉnh Bình Duong|||Ticket: 017000076 25/05/2019 12:44:35|||"
mcocr_private_145120kqech.jpg,0.615234971046448,"VinCommerce|||VINH CNH 86 Trần Phú|||Số 86 Đường Trản Phú, P. Cảm Tây|||TP Cảm Phá, T. Quảng Ninh|||Ngày bán: 11/08/2020 09:26|||TỔNG TIẾN PHẢI T. TOÁN|||42.600"
mcocr_private_145120rvshv.jpg,0.643800497055054,"PHỐ MỎ|||Tổ 7 khu Tân Lập 4 - P.Cẩm Thủy|||Tp. Cẩm Phả - Quảng Ninh|||11/08/2020 - 16 25|||Tống cộng:|||160,000"
mcocr_private_145120bxrwi.jpg,0.632813453674316,"Cty LD TNHH KFC Viet Nam|||92 Ba Trieu, Hai Ba Trung, Ha N|||15 Aug 20 18:56:01|||Total:|||83,000"
mcocr_private_145120dzqzm.jpg,0.746069014072418,"MINIMART ANAN|||Chợ Sủi Phú Thị Gia Lâm|||Ngày: 09/08/2020-19:46|||Tổng cộng|||64,000"
mcocr_private_145120sgeqw.jpg,0.693734228610992,"PHÔ MÔ|||Tổ 7 khu Tân Lập 4 - P.Cẩm Thủy|||Tp. Cẩm Phả - Quảng Ninh|||13/08/2020-22:07|||Cộng tiền hàng:|||20,000"
mcocr_private_145120ixchh.jpg,0.773366391658783,"NHÀ SÁCH GD-TC CẨM PHẢ|||ĐC: 212 Đường Trần Phú-Cẩm Phả|||Thời gian:10:12:34 - 15/08/2020|||Tổng số thanh toán:|||20.000d"
mcocr_private_145120azxzl.jpg,0.709245562553406,"NHÀ SÁCH GD-TC CẨM PHẢ|||ĐC: 212 Đường Trần Phú-Cẩm Phả|||Thời gian:10:43:17 - 15/08/2020|||Tổng số thanh toán|||97.000d"
mcocr_private_145120kshcd.jpg,0.704917013645172,"PHỐ MỎ|||Tổ 7 khu Tân Lập 4 - P.Cẩm Thủy|||Tp. Cẩm Phả - Quảng Ninh|||13/08/2020 - 20:52|||Tổng cộng:|||24,000"
mcocr_private_145120dxuqv.jpg,0.597860634326935,"TÊN MỊ LÊ|||5156-VINNART|||ĐỊA CHỈ MI LÝ TH|||5156-10 7 HINH TIẾN A|||CAM BINH CAM PHA QN|||15/08/2020|||06:50:47|||TỔNG CỘNG|||UND7,200"
mcocr_private_145120dmcly.jpg,0.719452202320099,"NHÀ SÁCH GD-TC CẨM PHẢ|||ĐC: 212 Đường Trần Phú-Cẩm Phả|||Thời gian:08.30:11 - 15/08/2020|||Tổng số thanh toán|||6.000đ"
mcocr_private_145120xtlae.jpg,0.729434013366699,"NHÀ SÁCH GD-TC CẨM PHẢ|||ĐC: 212 Đường Trần Phú-Cẩm Phả|||Thời gian:08:05:47 - 14/08/2020|||Tổng số thanh toán:|||20.000đ"
mcocr_private_145120drkwk.jpg,0.538422822952271,"VINTART|||TÊN MỊ LÝ:|||TỐ 7 HU HINH TIÊN A, P. CÁ|||BỊA CHỈ:|||09/08/2020 10:11:18|||TỔNG|||50.000"
mcocr_private_145120opnsn.jpg,0.722376525402069,"VinCommerce|||VM+ QNH Tổ 7, Khu Minh Tiến A|||Tổ 7, Khu Minh Tiến A|||P.Cẩm Bình, TP. Cẩm Phả, QNH|||Ngày bán: 14/08/2020 18:45|||TỔNG TIẾN PHẢI T. TOÁN|||44.900"
mcocr_private_145120gryhs.jpg,0.59285843372345,"VinCommerce|||VIN4 ANH Dự án KDC lấn biển cọc 6|||DA KHU DCLB CỌC 6, P. Cẩm Sơn|||TP. Cầm Pha, T. Quảng Ninh|||Ngày bán: 12/08/2020 14:07|||TỔNG TIỀN PHẢI T. TOÁN|||20.000"
mcocr_private_145120wnsla.jpg,0.691233456134796,"SCTC CÔ THỎ 104 TRẦN PHÚ - CẨM|||PHẢ|||104 Trần Phú phường Các tây|||Phá - Quảng tran|||Ngày: 08/08/2020 (07:24 CH - 0/,44 600|||Tổng thanh toán|||30.000đ"
mcocr_private_145120bgndj.jpg,0.439496695995331,"TÊN MỊ 11|||||||||TO B ĐU 13 P CAN TRUNG|||CAM PHA QUAN HINH|||NGAY:|||01-00/2020|||TỔNG CỘNG|||UND16.720"
mcocr_private_145120hsylc.jpg,0.578742444515228,"VinCommerce|||VIN4 ONH TỔ 8 Khu 38 Cầm Trung|||Tổ 8, Khu 38, P. Càm Trung|||TP. Cảm Phá, T. Quảng Ninh|||Ngày bán: 13/08/2020 11:28|||TỔNG TIẾN PHẢI T. TOÁN|||113.400"
mcocr_private_145120qopqu.jpg,0.652445256710053,"Saigon Co.op|||Co.op Food HN THE K-PARK|||Tang 1,SH42 - Toa K3, Cong trinh chung cu|||ket hop đich vu tren o dat H-CT2 thuoc|||Du an Dau tu xay dung Khu nha o Hi Brand|||tai Khu do thi moi Van Phu,|||P. Phu La, Q. Ha Dong, Tp Ha Noi|||Ngay: 17/09/2019|||Tong so tien thanh toan|||30,912.00"
mcocr_private_145120fyhqk.jpg,0.728848516941071,"NHÀ SÁCH GD-TC CẨM PHẢ|||ĐC: 212 Đường Trần Phú-Cẩm Phả|||Thời gian:19:06:35 - 14/08/2020|||Tổng số thanh toán:|||158.000đ"
mcocr_private_145120jvfzz.jpg,0.724509954452515,"MINIMART ANAN|||Chợ Sủi Phú Thị Gia Lâm|||Ngày: 10/08/2020-18:17|||Tổng cộng|||236,000"
mcocr_private_145120tlksx.jpg,0.734501898288727,"NHÀ SÁCH GD-TC CẨM PHẢ|||ĐC: 212 Đường Trần Phú-Cẩm Phả|||Thời gian:09:39:15 - 11/08/2020|||Tổng số thanh toán|||87.500đ"
mcocr_private_145120bsynb.jpg,0.585148572921753,"VinCommerce|||VM+ QNH Tổ 7, Khu Minh Tiến A|||Tổ 7, Khu Minh Tiến A|||P.Cẩm Bình, TP. Cẩm Phả, QNH|||Ngày bán: 13/08/2020 12:32|||TỔNG TIẾN PHẢI T. TOÁN|||23.500"
mcocr_private_145120podbv.jpg,0.717436194419861,"NHÀ SÁCH GD-TC CẨM PHẢ|||ĐC: 212 Đường Trần Phú-Cẩm Phả|||Thời gian:17:54:19 - 14/08/2020|||Tổng số thanh toán|||90.000d"
mcocr_private_145120pgiom.jpg,0.786620080471039,"Phúc Anh Minimart|||248 Cổ Bi - Gia Lâm - Hà Nội|||Ngày: 14-08-2020|||Khách phải trá|||224,000"
mcocr_private_145120wwctd.jpg,0.694428682327271,"NHÀ SÁCH GD-TC CẨM PHẢ|||ĐC: 212 Đường Trần Phú-Cẩm Phả|||Thời gian:10:04:18 - 13/08/2020|||Tổng số thanh toán|||40.000đ"
mcocr_private_145120slrqr.jpg,0.841668784618378,"MINIMART ANAN|||Chợ Sủi Phú Thị Gia Lâm|||Ngày: 15/08/2020-18:42|||Tổng tiền|||169,000"
mcocr_private_145120rlash.jpg,0.744938850402832,"CỬA HÀNG NĂM OÁNH|||Thôn Phú Thuỵ, Xã Phú Thị, Huyện Gia Lâm, TP Hà Nội|||Ngày: 11-08-2020|||Cộng tiền hàng|||105,000"
mcocr_private_145120jsfef.jpg,0.768709003925324,"MINIMART ANAN|||Chợ Sủi Phú Thị Gia Lâm|||Ngày: 09/08/2020-18:40|||Tổng cộng|||64,500"
mcocr_private_145120yujdk.jpg,0.709757447242737,"MINIMART ANAN|||Chợ Sủi Phú Thị Gia Lâm|||Ngày: 16/08/2020-09:38|||Tổng tiền|||222,000"
mcocr_private_145120dwtyw.jpg,0.671855747699737,"NHÀ SÁCH GD-TC CẨM PHẢ|||ĐC: 212 Đường Trần Phú-Cẩm Phả|||Thời gian:10.02.51 - 13/08/2020|||Tổng số thanh toán|||90.000d"
mcocr_private_145120sosih.jpg,0.734959065914154,"MINIMART ANAN|||Chợ Sủi Phú Thị Gia Lâm|||Ngày: 09/08/2020-17:35|||Tổng tiền|||248,016"
mcocr_private_145120qrboq.jpg,0.663872838020325,"coop|||nart|||Co.OPMart HA NOI|||KM 10 - Nguyen Trai - Ha Dong|||Ngay: 20/07/2020|||Tong so tien thanh toan|||156,200.00"
mcocr_private_145120vcpfc.jpg,0.726714551448822,"VinCommerce|||VM+ QNH Tổ 7, Khu Minh Tiến A|||Tổ 7, Khu Minh Tiến A|||P.Cẩm Bình, TP. Cẩm Phả, QNH|||Ngày bán: 15/08/2020 10:47|||TỔNG TIẾN PHẢI T. TOÁN|||16.000"
mcocr_private_145120pbvrk.jpg,0.64064347743988,"|||||||||"
mcocr_private_145120ttjrp.jpg,0.721200346946716,"MINIMART ANAN|||Chợ Sủi Phú Thị Gia Lâm|||Ngày: 17/08/2020-14:42|||Tổng tiền|||273,000"
mcocr_private_145120etjwj.jpg,0.610596835613251,"TÍN MỊ LỊ:|||TỐ 7 HU HINH TIÊN A PHO||||||1308/2220 12:16:33|||TỔNG|||200.000"
mcocr_private_145120smgnp.jpg,0.748969972133637,"MINIMART ANAN|||Chợ Sủi Phú Thị Gia Lâm|||Ngày: 16/08/2020-15:57|||Tổng tiền|||123,000"
mcocr_private_145120jhbvb.jpg,0.669267296791077,"VinCommerce|||VM+ QNH Tổ 7, Khu Minh Tiến A|||Tổ 7, Khu Minh Tiến A|||P.Cẩm Bình, TP. Cẩm Phả, QNH|||Ngày bán: 14/08/2020 21:42|||TỔNG TIẾN PHẢI T. TOÁN|||210.000"
mcocr_private_145120cjdfp.jpg,0.624311983585358,"VinCommerce|||VM+ QNH Tổ 7, Khu Minh Tiến A|||Tổ 7, Khu Minh Tiến A|||P.Cẩm Bình, TP. Cẩm Phả, QNH|||Ngày bán: 15/08/2020 09:17|||TỔNG TIẾN PHẢI T. TOÁN|||48.900"
mcocr_private_145120gxzhn.jpg,0.601512551307678,"Saigon Co.op|||Co.op Food HN THE K-PARK|||234 Pham Van Dong, P. Co Nhue|||Q. Bac Tu Liem, Tp. Ha Noi|||Ngay: 10/07/2020|||14:15:29|||Tong so tien thanh toc|||57,700.00"
mcocr_private_145120nyytp.jpg,0.612281560897827,"VinCommerce|||VM+ QNH Tổ 7, Khu Minh Tiến A|||Tổ 7, Khu Minh Tiến A|||P.Cẩm Bình, TP. Cẩm Phả, QNH|||Ngày bán: 13/08/2020 17:53|||TỔNG TIẾN PHẢI T. TOÁN|||13.000"
mcocr_private_145120okqnl.jpg,0.818809568881989,"MINIMART ANAN|||Chợ Sủi Phú Thị Gia Lâm||||||151,000"
mcocr_private_145120qxnqk.jpg,0.687091290950775,"VinCommerce|||VM+ QNH Tổ 7, Khu Minh Tiến A|||Tổ 7, Khu Minh Tiến A|||P.Cẩm Bình, TP. Cẩm Phả, QNH|||Ngày bán: 14/08/2020 11:54|||TỔNG TIẾN PHẢI T. TOÁN|||8.800"
mcocr_private_145120fzkbv.jpg,0.729089975357056,"MINIMART ANAN|||Chợ Sủi Phú Thị Gia Lâm||||||"
mcocr_private_145120ormas.jpg,0.533867657184601,"VINMART|||TÊN MỊ LÝ.|||TỐ 7 KHU MINH TIÊN A, P.CÁ|||10-08/2020 12:55:07|||THỐI GIAN.|||Ngày: 10 08/2020|||TẠI QUÂY|||50.000 Đ"
mcocr_private_145120nwttp.jpg,0.617453813552856,"VinCommerce|||VM+ QNH Tổ 7, Khu Minh Tiến A|||Tổ 7, Khu Minh Tiến A|||P.Cẩm Bình, TP. Cẩm Phả, QNH|||Ngày:09/08/2020|||Thời gian: 14:33|||"
mcocr_private_145120hnuff.jpg,0.704852998256683,"MINIMART ANAN|||Chợ Sủi Phú Thị Gia Lâm||||||Tổng tiền|||481,000"
mcocr_private_145120xshwc.jpg,0.733672320842743,"MINIMART ANAN|||Chợ Sủi Phú Thị Gia Lâm|||Ngày: 15/08/2020-17:04|||Tổng tiền|||28,000"
mcocr_private_145120eghoa.jpg,0.743424952030182,"CỬA HÀNG NĂM OÁNH|||Thôn Phú Thuỵ, Xã Phú Thị, Huyện Gia Lâm, TP Hà Nội|||Ngày: 11-08-2020|||Cộng tiền hàng|||354,000"
mcocr_private_145120eiyjs.jpg,0.691210567951202,"MINIMART ANAN|||Chợ Sủi Phú Thị Gia Lâm|||Ngày: 13/08/2020-15:56|||Tổng tiền|||140,500"
mcocr_private_145120ezfnf.jpg,0.562323033809662,"VINNART|||TÊN MỊ LY:|||ĐỊA CHỈ:|||TỔ 7 NHU HINH TIÊN A, P.CÁ|||MỜI GIAN.|||1008/2020 22:11:56|||Tế Ngày: 10.08/2020|||TẠI QUÂY|||654.985 Đ"
mcocr_private_145120aahvv.jpg,0.769828915596008,"MINIMART ANAN|||Chợ Sủi Phú Thị Gia Lâm|||Ngày: 13/08/2020-17:52|||Tổng tiền|||146,010"
mcocr_private_145120cmjrk.jpg,0.650454521179199,"SIEU THI BACH HOA TONG HOP|||Số 5 Cẩm Tây - Cẩm Phả - QN|||Ngày: 09/08/2020-17|||Tổng cộng (đã gốm VAT)|||5,000"
mcocr_private_145120xajdk.jpg,0.751221418380737,"MINIMART ANAN|||Chợ Sủi Phú Thị Gia Lâm|||Ngày: 16/08/2020-16:19|||Tổng cộng|||108,000"
mcocr_private_145120opctc.jpg,0.752051711082459,"MINIMART ANAN|||Chợ Sủi Phú Thị Gia Lâm|||Ngày: 12/08/2020-16:15|||Tổng tiền|||247,000"
mcocr_private_145120bgplh.jpg,0.368985831737518,"LZW (xepeg 6ueq doy|||||||||Tổng Tiền|||8.180.000"
mcocr_private_145120qlhmj.jpg,0.636027097702026,"CUK CUK BUFFET BBQ & HOT POT|||Địa chỉ: Tâng 3 - Tòa nhà Vinh Centre - TP.Vinh|||Ngày:|||15.08.2020|||Giờ vào:|||Giờ vào:|||Tổng cộng:|||1144000"
mcocr_private_145120amcnb.jpg,0.632385730743408,"VinCommerce|||VM+ QNH Tổ 7, Khu Minh Tiến A|||Tổ 7, Khu Minh Tiến A|||P.Cẩm Bình, TP. Cẩm Phả, QNH|||Ngày: 10/08/2020|||Thời gian: 10:09|||"
mcocr_private_145120gbcop.jpg,0.645107805728912,"NHÀ SÁCH BÍCH HÀ|||Đo: 121 Đường Cao Lỗ|||Ngày: 9/8/2020|||Tổng tiền phải trả:|||133,000"
mcocr_private_145120stjiz.jpg,0.724545121192932,"MINIMART ANAN|||Chợ Sủi Phú Thị Gia Lâm|||Ngày: 13/08/2020-08:47|||Tổng cộng|||92,000"
mcocr_private_145120adyuf.jpg,0.594752252101898,"|||Cẩm Phả - Quảng Ninh|||Ngày:|||25/07/2020 16:32.52|||Tống tiền (VND)|||110,00"
mcocr_private_145120nvize.jpg,0.611050248146057,"Xuân|||244/23a Huỳnh Văn Bánh, P.11, Q.PN|||05.10.2020 18.33|||Ngày/ giờ vào:|||05.10.2020 18.34|||Ngày/ giờ ra:|||Ngày/ giờ in: 05.10.2020 18.34|||Tiên Thanh Toán|||37 800"
mcocr_private_145120jrznp.jpg,0.641420185565949,"VinCommerce|||VINH 354-356 Mỹ Đình|||SỐ 354-356 Mỹ Đình, P Mỹ Đình|||Q. Nam Từ Liêm, Hà Nội|||Ngày bán: 13/07/2020 20:30|||TỔNG TIỀN PHẢI T. TOÁN|||205.500"
mcocr_private_145120ilwww.jpg,0.694532990455627,"VinCommerce|||VIN4 ONH Dự án KDC lấn biển cọc 6|||DA KHU DCLB CỌC 8, P. CẢM SƠN|||TP. Cầm Pha, T. Quảng Ninh|||Ngày bán: 12/08/2020 18:22|||TỔNG TIẾN PHẢI T. TOÁN|||17.500"
mcocr_private_145120mhmmr.jpg,0.836231708526611,"MINIMART ANAN|||Chợ Sủi Phú Thị Gia Lâm|||Ngày: 09/08/2020-09:17|||Tổng cộng|||112,000"
mcocr_private_145120licwr.jpg,0.616127610206604,"VinCommerce|||VM+QNH 1060-1062 Trần Phú|||Số 1060-1062 Đường Trần Phú|||TP.Cẩm Phả, Quảng Ninh|||Ngày bán: 12/08/2020 21:49|||TỔNG TIẾN PHẢI T. TOÁN|||19.500"
mcocr_private_145120aorof.jpg,0.722314953804016,"VinCommerce|||VM+ QNH Tổ 7, Khu Minh Tiến A|||Tổ 7, Khu Minh Tiến A|||P.Cẩm Bình, TP. Cẩm Phả, QNH|||Ngày bán: 15/08/2020 08:00|||TỔNG TIẾN PHẢI T. TOÁN|||29.000"
mcocr_private_145120jekcw.jpg,0.713235259056091,"CỬA HÀNG NĂM OÁNH|||Thôn Phú Thuỵ, Xã Phú Thị, Huyện Gia Lâm, TP Hà Nội|||Ngày: 12-08-2020|||Cộng tiền hàng|||182,000"
mcocr_private_145120rnpak.jpg,0.573222160339356,"VinCommerce|||VIN4 ÔNH Dự án KDC lần biển cọc 6|||DA KHU DCLB CỌC 8, P. CÀM SƠN|||TP. Cảm Phi, T. Quảng Ninh|||Ngày bán: 12/08/2020 11:02|||TỔNG TIẾN PHẢI T. TOÁN|||115.132"
mcocr_private_145120hmavz.jpg,0.628684043884277,"Saigon Co.op|||Co.op Food HN THE K-PARK|||Tang 1,SH42 - Toa K3, Cong trinh chung cu|||ket hop đich vu tren o dat H-CT2 thuoc|||Du an Dau tu xay dung Khu nha o Hi Brand|||tai Khu do thi moi Van Phu,|||P. Phu La, Q. Ha Dong, Tp Ha Noi|||Ngay: 17/09/2019|||Tong so tien thanh toan:|||30,912.00"
mcocr_private_145120uspmc.jpg,0.748823583126068,"MINIMART ANAN|||Chợ Sủi Phú Thị Gia Lâm|||Ngày: 13/08/2020-10:26|||Tổng cộng|||25,000"
mcocr_private_145120nlxbq.jpg,0.754681169986725,"VinCommerce|||VM QNH Dự án quỹ đất đường sắt|||DA QĐ dọc tuyến ĐS Tổ 3 Khu 2|||P. Cảm Sơn, TP. Cảm Phà, T. ON|||Ngày bán: 15/08/2020 11:01|||TỔNG TIẾN PHẢI T. TOÁN|||12.000"
mcocr_private_145120avxlw.jpg,0.656623423099518,"PASSIO|||coffee to go|||331 Nguyễn Trọng Tuyển|||13/08/2020 05:47:13CH|||TỔNG CỘNG|||39.000"
mcocr_private_145120qbknh.jpg,0.571051836013794,"VinCommerce|||VM+ QNH Tổ 7, Khu Minh Tiến A|||Tổ 7, Khu Minh Tiến A|||P.Cẩm Bình, TP. Cẩm Phả, QNH|||Ngày bán: 12/08/2020 20:46|||TỔNG TIẾN PHẢI T. TOÁN|||10.000"
mcocr_private_145120efkkx.jpg,0.640252351760864,"Tiêm độ|||244/23a Huỳnh Văn Bánh, P.11, Q.PN|||04.10.2020 10.33|||Ngày/ giờ vào:|||04.10.2020 10.35|||Ngày/ giờ ra:|||Tiên Thanh Toán|||240 000"
mcocr_private_145120xxxey.jpg,0.653307855129242,"NHÀ SÁCH GD-TC CẨM PHẢ|||ĐC: 212 Đường Trần Phú-Cẩm Phả||||||Tổng số thanh toán|||20.000d"
mcocr_private_145120rumkt.jpg,0.564452648162842,"VinCommerce|||VM+ QNH Tổ 7, Khu Minh Tiến A|||Tổ 7, Khu Minh Tiến A|||P.Cẩm Bình, TP. Cẩm Phả, QNH|||Ngày bán: 12/08/2020 21:19|||TỔNG TIẾN PHẢI T. TOÁN|||47.900"
mcocr_private_145120dvojm.jpg,0.788752377033233,"MINIMART ANAN|||Chợ Sủi Phú Thị Gia Lâm|||Ngày: 12/08/2020-13:14|||Tổng cộng|||13,000"
mcocr_private_145120ipgzm.jpg,0.516270816326141,"TÊN MỊ LÊ:|||519 VINTANT|||ĐỊA CHỈ MI LÝ|||5196 TU 7 HINH TIẾN A|||CAM BINH CAM PHA ON|||1400/2820|||17:29:33|||TỔNG CỘNG|||UND50,000"
mcocr_private_145120fevhe.jpg,0.444554209709168,"TÊN ĐỊ LÝ:|||VGN VINHABT 4997 LUM|||ĐỊA CHỈ MI LÝ|||10 6 KHU 33 P CAN TRUNG|||CAM PHA QUANG NINH|||19:42:34|||1308/2820|||10:0710/131327005|||TỔNG CỘNG|||UND229,869"
mcocr_private_145120bnzpf.jpg,0.640636026859283,"VinCommerce|||VM+QNH 1060-1062 Trần Phú|||Số 1060-1062 Đường Trần Phú|||TP.Cẩm Phả, Quảng Ninh|||Ngày bán: 13/08/2020 18:19|||TỔNG TIẾN PHẢI T. TOÁN|||101.300"
mcocr_private_145120huazo.jpg,0.588510274887085,"NHÀ SÁCH GD-TC CẨM PHẢ|||ĐC: 212 Đường Trần Phú-Cẩm Phả|||Thời gian:10:43 17 - 15/08/2020|||Tổng số thanh toán|||97.000d"
mcocr_private_145120wmfat.jpg,0.641269266605377,"VinCommerce|||VINH QNH 86 Trần Phú|||Số 86 Đường Trần Phú, P. Cảm Tây|||TP Cảm Phả, T. Quảng Ninh|||Ngày bán:09/08/2020 20:12|||TỔNG TIẾN PHẢI T. TOÁN|||63.000"
mcocr_private_145120hfyit.jpg,0.603069365024567,"SCTC CÔ THỎ 104 TRẦN PHÚ - CẨM|||PHẢ|||phường Cẩm Tây Thành phố Cấm|||Phá - Quảng Ninh|||Ngày: 09/08/2020 (07.26 CH - 07:26 CH)|||Tổng thanh toán|||60.000đ"
mcocr_private_145120xjsdu.jpg,0.36380735039711,"|||MIAY KINH DOANH: 14/08/2020||||||Tổng Tiến|||16.409.016"
mcocr_private_145120moljt.jpg,0.669349551200867,"Saigon Co.op|||Co.op Food HN THE K-PARK|||Tang 1,SH42 - Toa K3, Cong trinh chung cu|||ket hop đich vu tren o dat H-CT2 thuoc|||Du an Dau tu xay dung Khu nha o Hi Brand|||tai Khu do thi moi Van Phu,|||P. Phu La, Q. Ha Dong, Tp Ha Noi|||Ngay: 19/09/2019|||18:37:23|||Tong so tien thanh toan|||169,190.00"
mcocr_private_145120pyezf.jpg,0.662997841835022,"K-MARKET VINCOM BAC NINH|||2020-08-15 16:19P05:0001-0089||||||TOTAL QTYS"
mcocr_private_145120ksdpo.jpg,0.575413823127747,"Saigon Co.op|||Co.op Food HN THE K-PARK|||Tang 1,SH42 - Toa K3, Cong trinh chung cu|||ket hop đich vu tren o dat H-CT2 thuoc|||Du an Dau tu xay dung Khu nha o Hi Brand|||tai Khu do thi moi Van Phu,|||P. Phu La, Q. Ha Dong, Tp Ha Noi|||Ngay: 19/09/2019|||18:17:43|||Tong so tien thanh toan:|||30,265.00"
mcocr_private_145120kdutu.jpg,0.748569786548615,"VinCommerce|||VIN4 QNH SỐ 463 TỔ 66 Khu Diêm Thủy|||Số 463, Tổ 66, Khu Diêm Thủy|||P. Cảm Đông, TP. Cảm Phả|||Ngày bán: 15/08/2020 08:59|||TỔNG TIẾN PHẢI T. TOÁN|||105.378"
mcocr_private_145120qdoha.jpg,0.662186086177826,"MINIMART ANAN|||Chợ Sủi Phú Thị Gia Lâm||||||Tổng cộng|||235,000"
mcocr_private_145120kyged.jpg,0.638209760189056,"the coffee house|||403 Phan Huy Ích, P.14, Q.Gò Vấp|||Thời gian:30.09.2020 08.10|||Thanh Toán|||78 000"
mcocr_private_145120tnzoy.jpg,0.647092282772064,"VinCommerce|||VINH QNH 86 Trần Phú|||Số 86 Đường Trần Phú, P. Cảm Tây|||TP Cảm Phá, T. Quảng Ninh|||Ngày bán: 11/08/2020 11:00|||TỔNG TIẾN|||PHẢI T. TOÁN"
mcocr_private_145120fxgmu.jpg,0.776179075241089,"MINIMART ANAN|||Chợ Sủi Phú Thị Gia Lâm|||Ngày: 10/08/2020-17:22|||Tổng cộng|||23,000"
mcocr_private_145120pzxut.jpg,0.81507021188736,"NHÀ SÁCH GD-TC CẨM PHẢ|||ĐC: 212 Đường Trần Phú-Cẩm Phả|||Thời gian:20:06:56 - 14/08/2020|||Tổng số thanh toán:|||175.000đ"
mcocr_private_145120gsoxn.jpg,0.711542785167694,"VinCommerce|||VM+QNH 1060-1062 Trần Phú|||Số 1060-1062 Đường Trần Phú|||TP.Cẩm Phả, Quảng Ninh|||Ngày bán: 15/08/2020 11:16|||TỔNG TIẾN PHẢI T. TOÁN|||150.600"
mcocr_private_145120ipola.jpg,0.712799191474915,"PHÔ MÔ|||Tổ 7 khu Tân Lập 4 - P.Cẩm Thủy|||Tp. Cẩm Phả - Quảng Ninh|||13/08/2020-20:33|||Tổng cộng:|||30,000"
mcocr_private_145120ywovu.jpg,0.720427095890045,"VinCommerce|||VM+ QNH Tổ 7, Khu Minh Tiến A|||Tổ 7, Khu Minh Tiến A|||P.Cẩm Bình, TP. Cẩm Phả, QNH|||Ngày bán: 14/08/2020 18:39|||TỔNG TIỀN PHẢI T. TOÁN|||240.000"
mcocr_private_145120nxhum.jpg,0.668017685413361,"BIG C LONG BIEN|||Cty TNHH TMQT DV Sthi Big C Thang Long, 222 Trần Duy Hung, cau Giay, Ha Noi|||Th. ngan: 116382|||Ticket: 030000229 05/08/2020 18:36:34|||TONG"
mcocr_private_145120bgxue.jpg,0.739238858222961,"VinCommerce|||VIN4 QNH SỐ 463 TỔ 66 Khu Diêm Thủy|||Số 463, Tổ 66, Khu Diêm Thủy|||P. Cảm Đông, TP. Cầm Phả|||Ngày bán: 15/08/2020 06:07|||TỔNG TIẾN PHẢI T. TOÁN|||8.800"
mcocr_private_145120wfzeb.jpg,0.633417785167694,"VinCommerce|||VM+QNH 1060-1062 Trần Phú|||Số 1060-1062 Đường Trần Phú|||TP.Cẩm Phả, Quảng Ninh|||Ngày bán: 12/08/2020 17:26|||TỔNG TIẾN PHẢI T. TOÁN|||12.000"
mcocr_private_145120xybgv.jpg,0.695166289806366,"Cong ty CP Dau tu BDS HAPULICO|||Tang 23-24, Toa Center Building|||So 1, Nguyen Huy Tuong, P. Thanh|||Xuan Trung, Q. Thanh Xuan, Ha Noi|||Can ho: 2111.702|||08/2020-49120|||18:1 - 4/8/2020|||Tong cong|||1,786,313 VND"
mcocr_private_145120silda.jpg,0.776301681995392,"MINIMART ANAN|||Chợ Sủi Phú Thị Gia Lâm|||Ngày: 09/08/2020-17:39|||Tổng cộng|||265,000"
mcocr_private_145120typdw.jpg,0.735788643360138,"MINIMART ANAN|||Chợ Sủi Phú Thị Gia Lâm|||Ngày: 12/08/2020-14:16|||Tổng cộng|||386,002"
mcocr_private_145120hnosf.jpg,0.649490296840668,"BỆNH VIỆN MẤT TW|||Số PX191214000534 14/12/2019|||Giờ in: 15:04:51|||"
mcocr_private_145120vvopk.jpg,0.378153890371323,"TÊN MỊ LY:|||TỐ 7 KHU MINH TIÊN A, P. CÁ|||NGAY:|||1340/2020 17:57:09|||TỔNG"
mcocr_private_145120epens.jpg,0.662725448608398,"VinCommerce|||VM+ QNH Tổ 7, Khu Minh Tiến A|||Tổ 7, Khu Minh Tiến A|||P.Cẩm Bình, TP. Cẩm Phả, QNH|||Ngày:13/08/2020|||Thời gian:16:13|||"
mcocr_private_145120mobxm.jpg,0.678611218929291,"Saigon Co.op|||Co.op Food HN THE K-PARK|||Tang 1,SH42 - Toa K3, Cong trinh chung cu|||ket hop đich vu tren o dat H-CT2 thuoc|||Du an Dau tu xay dung Khu nha o Hi Brand|||tai Khu do thi moi Van Phu,|||P. Phu La, Q. Ha Dong, Tp Ha Noi|||Ngay: 19/09/2019|||18:17:43|||Tong so tien thanh toan:|||30,265.00"
mcocr_private_145120lrmyr.jpg,0.569145262241364,"||||||12/08/2020 18:30|||Tổng|||450,001"
mcocr_private_145120yucon.jpg,0.66668826341629,"VinCommerce|||VM+ QNH Tổ 7, Khu Minh Tiến A|||Tổ 7, Khu Minh Tiến A|||P.Cẩm Bình, TP. Cẩm Phả, QNH|||Ngày bán:09/08/2020 18:24|||TỔNG TIẾN PHẢI T. TOÁN|||35.100"
mcocr_private_145120rwlmr.jpg,0.679867386817932,"MINIMART ANAN|||Chợ Sủi Phú Thị Gia Lâm|||Ngày: 13/08/2020-18:02|||Tổng cộng|||117,000"
mcocr_private_145120xzodh.jpg,0.664077699184418,"Saigon Co.op|||Co.op Food HN THE K-PARK|||Tang 1,SH42 - Toa K3, Cong trinh chung cu|||ket hop đich vu tren o dat H-CT2 thuoc|||Du an Dau tu xay dung Khu nha o Hi Brand|||tai Khu do thi moi Van Phu,|||P. Phu La, Q. Ha Dong, Tp Ha Noi|||Ngay: 20/09/2019|||14:40:48|||Tong so tien thanh toan|||36,600.00"
mcocr_private_145120ugttg.jpg,0.562132120132446,"VinCommerce|||VINH QNH Dự án KDC lần biển cọc 6|||DA KHU DOLB CỌC 6, P. CÀM SƠN|||TP. Càm Pha, T. Quảng Ninh|||Ngày bán: 14/08/2020 22:04|||TỔNG TIẾN PHẢI T. TOÁN|||296.900"
mcocr_private_145120nhkcx.jpg,0.770782887935638,"MINIMART ANAN|||Chợ Sủi Phú Thị Gia Lâm|||Ngày: 10/08/2020-16:07|||Tổng cộng|||119,000"
mcocr_private_145120jtake.jpg,0.636663198471069,"VinCommerce|||VM+ QNH Tổ 7, Khu Minh Tiến A|||Tổ 7, Khu Minh Tiến A|||P.Cẩm Bình, TP. Cẩm Phả, QNH|||Ngày: 13/08/2020|||Thời gian:17:34|||"
mcocr_private_145120tswei.jpg,0.709908127784729,"VinCommerce|||VM+ QNH Tổ 7, Khu Minh Tiến A|||Tổ 7, Khu Minh Tiến A|||P.Cẩm Bình, TP. Cẩm Phả, QNH|||Ngày bán: 14/08/2020 21:58|||TỔNG TIẾN PHẢI T. TOÁN|||16.500"
mcocr_private_145120vogtr.jpg,0.741955995559692,"MINIMART ANAN|||Chợ Sủi Phú Thị Gia Lâm||||||Tổng tiền|||293,012"
mcocr_private_145120bokpe.jpg,0.673571109771729,"Co.opMart xa lo ha noi|||191 Quang Trung Q.9|||Ngay: 21/07/2020|||Tong so tien thanh toan|||32,217.20"
mcocr_private_145120oogln.jpg,0.682797133922577,"VinCommerce|||VM+ QNH Tổ 7, Khu Minh Tiến A|||Tổ 7, Khu Minh Tiến A|||P.Cẩm Bình, TP. Cẩm Phả, QNH|||Ngày bán: 14/08/2020 16:21|||TỔNG TIẾN PHẢI T. TOÁN|||10.000"
mcocr_private_145120udjsy.jpg,0.586894512176514,"VinCommerce|||VM+ QNH Tổ 7, Khu Minh Tiến A|||Tổ 7, Khu Minh Tiến A|||P.Cẩm Bình, TP. Cẩm Phả, QNH|||Ngày bán: 10/08/2020 12:32|||TỔNG TIẾN PHẢI T. TOÁN|||97.926"
mcocr_private_145120inznw.jpg,0.625568270683289,"GAHASA|||CTY CỔ PHÁN PHÁT HÀNH SÁCH TP.HCM|||NS FAHASA Bắc Ninh|||Ngày á Giờ:|||16:33:43 15-08-2020|||Thanh toán|||533.000 đ"
mcocr_private_145120urmma.jpg,0.673826515674591,"VinCommerce|||Số 42 Phố Sủi, xã Phú Thị|||huyện Gia Lâm, Hà Nội|||Ngày bán: 14/08/2020 17:26|||TỔNG TIỀN PHẢI T. TOÁN|||193.920"
mcocr_private_145120tqkzt.jpg,0.764437794685364,"MINIMART ANAN|||Chợ Sủi Phú Thị Gia Lâm|||Ngày: 17/08/2020-17:53|||Tổng cộng|||180,000"
mcocr_private_145120biprv.jpg,0.818013489246368,"VinCommerce|||VM+QNH 1060-1062 Trần Phú|||Số 1060-1062 Đường Trần Phú|||TP.Cẩm Phả, Quảng Ninh|||Ngày bán: 15/08/2020 07:20|||TỔNG TIỀN PHẢI T. TOÁN|||200.000"
mcocr_private_145120nwfxv.jpg,0.713553011417389,"VinCommerce|||VIN4 QNH 690 Trần Phú|||Số 590 Trần Phú, P. Cảm Thủy|||TP. Cảm Phả, Quảng Ninh|||Ngày bán: 15/08/2020 07:43|||TỔNG TIẾN PHẢI T. TOÁN|||31.320"
mcocr_private_145120btfhn.jpg,0.643132984638214,"COFFEE|||MILANO|||186 Cây Trâm, P.11, Q.Gò Vấp, TP.HCM|||02.10.2020 15.37|||Tiên Thanh Toán|||15 000"
mcocr_private_145120rpsfw.jpg,0.620829641819,"SCTC CÔ THỎ 104 TRẦN PHÚ - CẨM|||PHẢ|||Phường Cẩm Tây - Thành phố Cấm|||Phá - Quảng Ninh|||Ngày: 10/08/2020 (09:48 CH - 09:48 CH)|||Tổng thanh toán|||45.000đ"
mcocr_private_145120ahyvq.jpg,0.657014787197113,"sieu thi bagh hoa tong hop|||Số 5 Cẩm Tây - Cẩm Phả - QN|||Ngày: 09/08/2020-16|||Tổng cộng (đã gồm VAT)|||52,000"
mcocr_private_145120pybmq.jpg,0.598491072654724,"TÊN ĐẠI LÝ:|||VINMART|||TỔ 7 KHU MINH TIẾN A, P.CA||||||11/08/2020 18:21:05|||TỔNG|||200.000 Đ"
mcocr_private_145120xqhxt.jpg,0.749616682529449,"VinCommerce|||VM+QNH 1060-1062 Trần Phú|||Số 1060-1062 Đường Trần Phú|||TP.Cẩm Phả, Quảng Ninh|||Ngày bán: 15/08/2020 09:59|||TỔNG TIẾN PHẢI T. TOÁN|||42.300"
mcocr_private_145120xocav.jpg,0.613848805427551,"CTY CP DI PT CN TTP|||TÊN MỊ LÝ:|||SIEU THI TIP-CAM TAY|||ĐỊA CHỈ ĐẠI LÝ|||CAM PHA-QUANG NINH|||09/08/2020|||17:54:15|||TỔNG CỘNG|||UND463,200"
mcocr_private_145120sidqj.jpg,0.676647901535034,"Store LAKE VIEW|||Address 28 Thanh Nien, Yen Phu, Tay Ho, Ha Noi|||2020-08-15 12:34:53 POS: 01 (Nguyen Viet Hung)||||||"
mcocr_private_145120cbyep.jpg,0.650933921337128,"VinCommerce|||VM+ QNH Tổ 7, Khu Minh Tiến A|||Tổ 7, Khu Minh Tiến A|||P.Cẩm Bình, TP. Cẩm Phả, QNH|||Ngày bán:09/08/2020 18:03|||TỔNG TIỀN PHẢI T. TOÁN|||70.400"
mcocr_private_145120tjvke.jpg,0.746101379394531,"VinCommerce|||VM+ Mỹ Đình|||Tầng 1,|||nhà CT9.KĐT Mỹ Đình|||P. Liê Trì, Q. Mam Từ Liêm, HN|||Ngày bán:21/08/2020 18:27|||TỔNG TIỀN PHẢI T. TOÁN|||112.235"
mcocr_private_145120wsxhs.jpg,0.513915657997131,"TÊN MỊ LY:||||||VIN CHỈ MI LY:|||TỔ 8 KHU 3B P. CẨM TRUNG|||CẨM PHẢ, QUẢNG NINH|||1600/2020|||TỔNG CÔNG|||UND28,000"
mcocr_private_145120ddbdw.jpg,0.616433084011078,"sieu thi bach hoa tong hop|||Số 5 Cẩm Tây - Cẩm Phả - QN||||||Tổng cộng (đã gồm VAT)|||105,000"
mcocr_private_145120jwxbj.jpg,0.702510416507721,"the coffee house|||403 Phan Huy Ích, P.14, Q.Gò Vấp|||Thời gian:30.09.2020 08.08|||Thanh Toán:|||40 000"
mcocr_private_145120gpyay.jpg,0.671425580978394,"VinCommerce|||VIN4 QNH 590 Trần Phú|||Só 590 Trần Phú, P. Càm Thủy|||TP. Cảm Phả, Quảng Ninh|||Ngày bán: 15/08/2020 10:05|||"
mcocr_private_145120kktef.jpg,0.577097654342651,"Saigon Co.op|||Co.op Food HN THE K-PARK|||Tang 1,SH42 - Toa K3, Cong trinh chung cu|||ket hop đich vu tren o dat H-CT2 thuoc|||Du an Dau tu xay dung Khu nha o Hi Brand|||tai Khu do thi moi Van Phu,|||P. Phu La, Q. Ha Dong, Tp Ha Noi|||Ngay: 20/09/2019|||12:18:21|||Tong so tien thanh toan:|||27,213.00"
mcocr_private_145120qsskw.jpg,0.646551072597504,"Guitar Cafe|||28 Phan Chu Trinh, Hiệp Phú, Quận 9, Hồ|||Ngày lập: 03/10/2020|||Thành tiên: 20,000"
mcocr_private_145120nsnxf.jpg,0.715725600719452,"VinCommerce|||VM+ QNH Tổ 7, Khu Minh Tiến A|||Tổ 7, Khu Minh Tiến A|||P.Cẩm Bình, TP. Cẩm Phả, QNH|||Ngày bán: 15/08/2020 07:10|||TỔNG TIẾN PHẢI T. TOÁN|||101.500"
mcocr_private_145120jzwyq.jpg,0.754681169986725,"VinCommerce|||VM QNH Dự án quỹ đất đường sắt|||DA QĐ dọc tuyến ĐS Tổ 3 Khu 2|||P. Cảm Sơn, TP. Cảm Phà, T. ON|||Ngày bán: 15/08/2020 11:01|||TỔNG TIẾN PHẢI T. TOÁN|||12.000"
mcocr_private_145120djlum.jpg,0.333503782749176,"|||||||||TỔNG|||637.947 d"
mcocr_private_145120sfkpq.jpg,0.678672075271606,"NHÀ SÁCH GD-TC CẨM PHẢ|||ĐC: 212 Đường Trần Phú-Cẩm Phả|||Thời gian:20:34:38 - 14/08/2020|||Tổng số thanh toán:|||87.000d"
mcocr_private_145120fqeaq.jpg,0.625520825386047,"THỨC|||COFFEE|||Trung, P10, Gò Vấp|||17.03.2019|||Ngày:|||Giờ vào:|||Giờ ra:|||Tiền Thanh Toán|||35 000"
mcocr_private_145120zneoy.jpg,0.4896120429039,"|||||||||Tổng Tiến|||11.676.000"
mcocr_private_145120opumm.jpg,0.628719747066498,"VinCommerce|||VM+QNH 1060-1062 Trần Phú|||Số 1060-1062 Đường Trần Phú|||TP.Cẩm Phả, Quảng Ninh|||Ngày bán: 13/08/2020 09:53|||TỔNG TIẾN PHẢI T. TOÁN|||76.000"
mcocr_private_145120gmdua.jpg,0.676629602909088,"MINIMART ANAN|||Chợ Sủi Phú Thị Gia Lâm|||Ngày: 11/08/2020-08:33|||Tổng cộng|||101,000"
mcocr_private_145121axatl.jpg,0.720097422599793,"BÁCH HOÀ XANH|||Số 60-62-64 Đường Nguyễn Cửu Đàm, Phường|||Tân Sơn Nhì, Quận Tân Phú, Thành phố Hồ Chí|||12/08/2020 20:12|||Thanh toán:|||171,420"
mcocr_private_145121kpago.jpg,0.72964745759964,"VinCommerce|||VM QNH Dự án KDC lấn biển cọc 6|||DA KHU DCLB CỌC 6, P. CÀM SƠN|||TP. Cảm Phả, T. Quảng Ninh|||Ngày bán: 14/08/2020 17:50|||TỔNG TIẾN PHẢI T. TOÁN|||12.800"
mcocr_private_145121lfqob.jpg,0.628129482269287,"VinCommerce|||VM+ QNH Tổ 7, Khu Minh Tiến A|||Tổ 7, Khu Minh Tiến A|||P.Cẩm Bình, TP. Cẩm Phả, QNH|||Ngày:13/08/2020|||Thời gian: 16:18|||"
mcocr_private_145121pjnag.jpg,0.692582964897156,"VinCommerce|||VM QNH Dự án quỹ đất đường sắt|||DA QĐ dọc tuyến ĐS Tổ 3 Khu 2|||P. Cảm Sơn, TP. Cảm Phà, T. QN|||Ngày bán: 14/08/2020 18:56|||TỔNG TIẾN PHẢI T. TOÁN|||98.085"
mcocr_private_145121szjzk.jpg,0.723037481307983,"VinCommerce|||VM+ QNH Tổ 7, Khu Minh Tiến A|||Tổ 7, Khu Minh Tiến A|||P.Cẩm Bình, TP. Cẩm Phả, QNH|||Ngày bán: 15/08/2020 10:14|||TỔNG TIỀN PHẢI T. TOÁN|||31.500"
mcocr_private_145121xgfdd.jpg,0.756554126739502,"MINIMART ANAN|||Chợ Sủi Phú Thị Gia Lâm|||Ngày: 16/08/2020-16:51|||Tổng cộng|||86,000"
mcocr_private_145121pgxpu.jpg,0.696633994579315,"THỨC COFFEE|||Trung, P10, Gò Vấp|||31.03.2019|||Ngày|||09.30|||Giờ ra:|||Giờ vào:|||09.29|||Tiền Thanh Toán|||35 000"
mcocr_private_145121xefpx.jpg,0.757975220680237,"MINIMART ANAN|||Chợ Sủi Phú Thị Gia Lâm|||Ngày: 16/08/2020-17:19|||Tổng cộng|||89,500"
mcocr_private_145121jtsvz.jpg,0.700311303138733,"VinCommerce|||VM+QNH 1060-1062 Trần Phú|||Số 1060-1062 Đường Trần Phú|||TP.Cẩm Phả, Quảng Ninh|||Ngày bán: 15/08/2020 10:58|||TỔNG TIẾN PHẢI T. TOÁN|||49.900"
mcocr_private_145121ejiwh.jpg,0.638472259044647,"VinCommerce|||VM+QNH 1060-1062 Trần Phú|||Số 1060-1062 Đường Trần Phú|||TP.Cẩm Phả, Quảng Ninh|||Ngày bán: 12/08/2020 17:16|||TỔNG TIỀN PHẢI T. TOÁN|||49.500"
mcocr_private_145121evclb.jpg,0.637123048305512,"SCTC CÔ THỎ 104 TRẦN PHÚ - CẨM|||PHẢ|||phường Cấm Tây - Thành phố Cấm|||Phả - Quảng Ninh|||Ngày: 08/0R 0201944 CH - 09A0 CH)|||Tổng thanh toán|||100.000d"
mcocr_private_145121emlvc.jpg,0.715774536132813,"VinCommerce|||VM+ QNH Tổ 7, Khu Minh Tiến A|||Tổ 7, Khu Minh Tiến A|||P.Cẩm Bình, TP. Cẩm Phả, QNH|||Ngày bán: 11/08/2020 11:27|||TỔNG TIẾN PHẢI T. TOÁN|||12.100"
mcocr_private_145121leefz.jpg,0.792853355407715,"MINIMART ANAN|||Chợ Sủi Phú Thị Gia Lâm|||Ngày: 12/08/2020-11:33|||Tổng cộng|||141,000"
mcocr_private_145121lawdy.jpg,0.571129739284515,"SCTC CÔ THỎ 104 TRẦN PHÚ - CẨM|||PHẢ|||Cẩm Phả - Quảng Ninh|||Ngày: 08/00/2020 (08.22 CH - 08.22 CH)|||Tổng thanh toán|||110.000d"
mcocr_private_145121wfclu.jpg,0.643510639667511,"VinCommerce|||VM+ QNH Tổ 7, Khu Minh Tiến A|||Tổ 7, Khu Minh Tiến A|||P.Cẩm Bình, TP. Cẩm Phả, QNH|||Ngày bán:09/08/2020 11:13|||TỔNG TIẾN PHẢI T. TOÁN|||45.000"
mcocr_private_145121qywbp.jpg,0.644846141338348,"VinCommerce|||VM+ QNH Tổ 7, Khu Minh Tiến A|||Tổ 7, Khu Minh Tiến A|||P.Cẩm Bình, TP. Cẩm Phả, QNH|||Ngày:15/08/2020|||Thời gian:09:53|||"
mcocr_private_145121cqrlq.jpg,0.688147246837616,"||||||Ngay: 19/09/2019|||Tong so tien thanh toan:|||144,408.20"
mcocr_private_145121odkou.jpg,0.680099308490753,"Saigon Co.op|||Co.op Food HN THE K-PARK|||Tang 1,SH42 - Toa K3, Cong trinh chung cu|||ket hop đich vu tren o dat H-CT2 thuoc|||Du an Dau tu xay dung Khu nha o Hi Brand|||tai Khu do thi moi Van Phu,|||P. Phu La, Q. Ha Dong, Tp Ha Noi|||Ngay: 23/09/2019|||10:41:59|||so tien thanh toan|||67,462.00"
mcocr_private_145121jjefo.jpg,0.602172434329987,"BIG C DI AN|||CTY TNHH EB BINH DUONG (EBBD)|||P. Đong Hoa, TX Di An, Tỉnh Bình Duong|||Th. ngan: 123113|||Ticket: 026000164 06/10/2019 13:34:06|||TONG CONG|||So Luong mat hang"
mcocr_private_145121haoxr.jpg,0.341401040554047,"TÊN MỊ LÝ:|||1358-VINPART|||ĐỊA CHỈ MI LỆ|||TP CAM PHA CH|||13/08/2028|||19:39:11|||TỔNG CÔNG|||UND249,600"
mcocr_private_145121vwcbq.jpg,0.618062317371368,"Saigon Co.op|||Co.op Food HN THE K-PARK|||Tang 1,SH42 - Toa K3, Cong trinh chung cu|||ket hop đich vu tren o dat H-CT2 thuoc|||Du an Dau tu xay dung Khu nha o Hi Brand|||tai Khu do thi moi Van Phu,|||P. Phu La, Q. Ha Dong, Tp Ha Noi|||Ngay: 20/09/2019|||Tong so tien thanh toan:|||27,291.20"
mcocr_private_145121byien.jpg,0.624662399291992,"THỨC|||COFFEE|||Trung, P10, Gò Vấp|||Ngày:|||12.41|||Giờ vào:|||12.41|||Giờ ra:|||Tiền Thanh Toán|||45 000"
mcocr_private_145121izwpe.jpg,0.549709439277649,"ĐẢO CÁO NHAN|||||||||Tổng Tiến|||16.941.087"
mcocr_private_145121nuxjo.jpg,0.743493258953095,"NHÀ SÁCH GD-TC CẨM PHẢ|||ĐC: 212 Đường Trần Phú-Cẩm Phả|||Thời gian:20:08:56 - 14/08/2020|||Tổng số thanh toán|||25.000đ"
mcocr_private_145121sngso.jpg,0.650316059589386,"SCTC CÔ THỎ 104 TRẦN PHÚ - CẨM|||PHẢ|||104 Trăn Phú - phường Cấm Tây - Thành phố Cám|||Phá - Quảng Ninh|||Ngày: 09/08/2020 (09:28 CH - 09:28 CH)|||Tổng thanh toán|||60.000đ"
mcocr_private_145121ycazg.jpg,0.659608125686646,"VinCommerce|||VM+ QNH Tổ 7, Khu Minh Tiến A|||Tổ 7, Khu Minh Tiến A|||P.Cẩm Bình, TP. Cẩm Phả, QNH|||Ngày: 15/08/2020|||Thời gian:11:08|||"
mcocr_private_145121gdeww.jpg,0.42525514960289,"|||||||||Tổng thanh toán|||4.814.460"
mcocr_private_145121ssqlo.jpg,0.551590383052826,"VinCommerce|||VINH ONH TỔ 8 Khu 38 Cảm Trung|||Tổ 8, Khu 38, P. Cầm Trung|||TP. Cầm Phà, T. Quảng Ninh|||Ngày bán: 13/08/2020 06:10|||TỔNG TIẾN PHẢI T. TOÁN|||28.000"
mcocr_private_145121bxdcv.jpg,0.796670854091644,"CỬA HÀNG NĂM OÁNH|||Thôn Phú Thuỵ, Xã Phú Thị, Huyện Gia Lâm, TP Hà Nội|||Ngày: 11-08-2020|||Cộng tiền hàng|||69,000"
mcocr_private_145121wqvca.jpg,0.522082448005676,"TÊN ĐẠI LÝ:|||VINMART||||||TỔ 8 KHU 38, P.CAM THUNG,|||1308/2020 19:12:43|||TỔNG|||.500.000 Đ"
mcocr_private_145121ofqvx.jpg,0.766761779785156,"MINIMART ANAN|||Chợ Sủi Phú Thị Gia Lâm|||Ngày: 12/08/2020-13:00|||Tổng cộng|||56,000"
mcocr_private_145121mpsix.jpg,0.674545645713806,"Phúc Anh Minimart|||248 Cổ Bi - Gia Lâm - Hà Nội|||Ngày: 11-08-2020|||Khách phải trả|||88,000"
mcocr_private_145121tuswl.jpg,0.752471566200256,"VinCommerce|||VM+ QNH Tổ 7, Khu Minh Tiến A|||Tổ 7, Khu Minh Tiến A|||P.Cẩm Bình, TP. Cẩm Phả, QNH|||Ngày bán: 14/08/2020 16:43|||TỔNG TIẾN PHẢI T. TOÁN|||52.421"
mcocr_private_145121cjtsq.jpg,0.806946277618408,"MINIMART ANAN|||Chợ Sủi Phú Thị Gia Lâm|||Ngày: 10/08/2020-16.33|||Tổng tiền|||386,026"
mcocr_private_145121aephc.jpg,0.696090400218964,"Saigon Co.op|||Co.op Food HN THE K-PARK|||Tang 1,SH42 - Toa K3, Cong trinh chung cu|||ket hop đich vu tren o dat H-CT2 thuoc|||Du an Dau tu xay dung Khu nha o Hi Brand|||tai Khu do thi moi Van Phu,|||P. Phu La, Q. Ha Dong, Tp Ha Noi|||Ngay: 23/09/2019|||10:30:13|||so tien thanh toan|||13,832.00"
mcocr_private_145121spywb.jpg,0.59987473487854,"VinCommerce|||VM+ QNH Tổ 7, Khu Minh Tiến A|||Tổ 7, Khu Minh Tiến A|||P.Cẩm Bình, TP. Cẩm Phả, QNH|||Ngày bán: 10/08/2020 12:28|||TỔNG TIẾN PHẢI T. TOÁN|||20.000"
mcocr_private_145121vmfkr.jpg,0.640978395938873,"VinCommerce|||Số 42 Phố Súi, xã Phú Thị|||huyện Gia Lâm, Hà Nội|||Ngày bán: 15/08/2020 07:55|||TIẾN KHÁCH TRÁ|||148.000"
mcocr_private_145121bzwmq.jpg,0.707287728786469,"CỬA HÀNG NĂM OÁNH|||Thôn Phú Thuỵ, Xã Phú Thị, Huyện Gia Lâm, TP Hà Nội|||Ngày: 12-08-2020|||Cộng tiền hàng|||45,000"
mcocr_private_145121trljp.jpg,0.592167735099793,"VinCommerce|||VINH QNH 112 Thanh Niên|||Số 112 Thanh Niên, P. Cầm Thành|||TP. Cầm Phả, Quảng Ninh|||Ngày bán: 14/08/2020 09:41|||TỔNG TIẾN PHẢI T. TOÁN|||20.250"
mcocr_private_145121nwwip.jpg,0.640336811542511,"VinCommerce|||VM+ QNH Tổ 7, Khu Minh Tiến A|||Tổ 7, Khu Minh Tiến A|||P.Cẩm Bình, TP. Cẩm Phả, QNH|||Ngày bán: 13/08/2020 14:40|||TỔNG TIẾN PHẢI T. TOÁN|||70.419"
mcocr_private_145121wvbms.jpg,0.676628291606903,"VinCommerce|||VM+ QNH Tổ 7, Khu Minh Tiến A|||Tổ 7, Khu Minh Tiến A|||P.Cẩm Bình, TP. Cẩm Phả, QNH|||Ngày bán: 14/08/2020 10:53|||TỔNG TIẾN PHẢI T. TOÁN|||70.198"
mcocr_private_145121stjms.jpg,0.715234398841858,"VinCommerce|||VM+QNH 1060-1062 Trần Phú|||Số 1060-1062 Đường Trần Phú|||TP.Cẩm Phả, Quảng Ninh|||Ngày bán: 15/08/2020 09:46|||TỔNG TIỀN PHẢI T. TOÁN|||54.463"
mcocr_private_145121pcidy.jpg,0.760626018047333,"CỬA HÀNG NĂM OÁNH|||Thôn Phú Thuỵ, Xã Phú Thị, Huyện Gia Lâm, TP Hà Nội|||Ngày: 10-08-2020|||Cộng tiền hàng|||550,000"
mcocr_private_145121wrkxs.jpg,0.688563585281372,"SCTC CÔ THỎ 104 TRẦN PHÚ - CẨM|||PHẢ|||phường Cấm Tây - Thành phố Cấm|||Phá - Quảng Ninh||||||Tổng thanh toán|||125.000d"
mcocr_private_145121zpirw.jpg,0.726477384567261,"VinCommerce|||VM+QNH 1060-1062 Trần Phú|||Số 1060-1062 Đường Trần Phú|||TP.Cẩm Phả, Quảng Ninh|||Ngày bán: 14/08/2020 21:13|||TỔNG TIẾN PHẢI T. TOÁN|||55.100"
mcocr_private_145121rtjyu.jpg,0.59102863073349,"BÁO CÁO NHANH POS/CA|||||||||Tổng Tiến|||Tổng thanh toán"
mcocr_private_145121gekvy.jpg,0.510343313217163,"TÊN ĐẠI LÝ:|||VINMART|||ĐỊA CHỈ:.....|||SỐ 590 TRÁM PHÚ, P. CÁM THỦ|||1408/2020 17:13:03|||TỔNG|||.50.000 Đ"
mcocr_private_145121yzycq.jpg,0.612371265888214,"VinCommerce|||VM+QNH 1060-1062 Trần Phú|||Số 1060-1062 Đường Trần Phú|||TP.Cẩm Phả, Quảng Ninh|||Ngày bán: 13/08/2020 18:58|||TỔNG TIẾN PHẢI T. TOÁN|||100.700"
mcocr_private_145121pyboc.jpg,0.702692091464996,"NHÀ SÁCH GD-TC CẨM PHẢ|||ĐC: 212 Đường Trần Phú-Cẩm Phả|||Thời gian:10.26:16 - 13/08/2020|||Tổng số thanh toán|||87.000d"
mcocr_private_145121trzmp.jpg,0.720347762107849,"VinCommerce|||VM+ QNH Tổ 7, Khu Minh Tiến A|||Tổ 7, Khu Minh Tiến A|||P.Cẩm Bình, TP. Cẩm Phả, QNH|||Ngày bán: 14/08/2020 18:14|||TỔNG TIẾN PHẢI T. TOÁN|||48.600"
mcocr_private_145121qsztx.jpg,0.67908775806427,"Saigon Co.op|||Co.op Food HN THE K-PARK|||Tang 1,SH42 - Toa K3, Cong trinh chung cu|||ket hop đich vu tren o dat H-CT2 thuoc|||Du an Dau tu xay dung Khu nha o Hi Brand|||tai Khu do thi moi Van Phu,|||P. Phu La, Q. Ha Dong, Tp Ha Noi|||Ngay: 19/09/2019|||Tong so tien thanh toan:|||144,408.20"
mcocr_private_145121uslvw.jpg,0.700417816638947,"CỬA HÀNG NĂM OÁNH|||Thôn Phú Thuỵ, Xã Phú Thị, Huyện Gia Lâm, TP Hà Nội|||Ngày: 14-07-2020|||Cộng tiền hàng|||660,000"
mcocr_private_145121ytqjr.jpg,0.494996041059494,"VinCommerce|||VINH ONH TỔ 8 Khu 38 Cảm Trưng|||Tổ 8, Khu 38, P. Cảm Trung|||TP. Cảm Phá, T. Quảng Ninh|||Ngày bán: 13/08/2020 11:47|||TỔNG TIẾN PHẢI T. TOÁN|||40.000"
mcocr_private_145121ohvev.jpg,0.762333571910858,"VinCommerce|||VM+QNH 1060-1062 Trần Phú|||Số 1060-1062 Đường Trần Phú|||TP.Cẩm Phả, Quảng Ninh|||Ngày bán: 15/08/2020 06:10|||TỔNG TIẾN PHẢI T. TOÁN|||24.450"
mcocr_private_145121ofugc.jpg,0.757511734962463,"MINIMART ANAN|||Chợ Sủi Phú Thị Gia Lâm|||Ngày: 17/08/2020-10:53|||Tổng cộng|||98,000"
mcocr_private_145121yprkq.jpg,0.746609628200531,"|||Du an Dau tu xay dung Khu nha o Hi Brand|||tai Khu do thi moi Van Phu|||P. Phu La, 2. Ha Dong, Tp Ha Noi|||Ngay: 19/09/2019|||so tien thanh toan:|||54,000.00"
mcocr_private_145121jnyda.jpg,0.598132729530335,"VinCommerce|||VM+ QNH Tổ 7, Khu Minh Tiến A|||Tổ 7, Khu Minh Tiến A|||P.Cẩm Bình, TP. Cẩm Phả, QNH|||Ngày bán: 13/08/2020 16:33|||TỔNG TIẾN PHẢI T. TOÁN|||33.800"
mcocr_private_145121qvqen.jpg,0.728426396846771,"CỬA HÀNG NĂM OÁNH|||Thôn Phú Thuỵ, Xã Phú Thị, Huyện Gia Lâm, TP Hà Nội|||Ngày: 11-08-2020|||Cộng tiền hàng|||131,500"
mcocr_private_145121jrylx.jpg,0.678808569908142,"PHỐ MỎ|||Tổ 7 khu Tân Lập 4 - P.Cẩm Thủy|||Tp. Cẩm Phả - Quảng Ninh|||11/08/2020-22:32|||Tổng cộng:|||25,000"
mcocr_private_145121phqfz.jpg,0.456423163414002,"||||||NGÂY HỆ THÔNG: 12/08/2020 12:39|||500.000"
mcocr_private_145121pmtie.jpg,0.661720335483551,"the coffee house|||403 Phan Huy Ích, P.14, Q.Gò Vấp|||Thời gian:30.09.2020 08.25|||Thanh Toán|||49 000"
mcocr_private_145121ojvci.jpg,0.713236749172211,"NHÀ SÁCH GD-TC CẨM PHẢ|||ĐC: 212 Đường Trần Phú-Cẩm Phả|||Thời gian:09:58:24 - 15/08/2020|||Tổng số thanh toán|||127.000đ"
mcocr_private_145121lomnx.jpg,0.614053130149841,"|||Ha Dong, Tp Ha Noi|||Ngay: 17/09/2019|||11:14:04|||Tong so tien thanh toan|||9,000.00"
mcocr_private_145121oihna.jpg,0.667594730854034,"Laha Cafe|||JUST GOOP COFFEE|||857 Nguyễn Kiêm, P3, Q.Gò Vấp|||Ngày:|||09.10.2020 Giờ vào: 19.42|||Tổng cộng:|||15 000"
mcocr_private_145121vztxn.jpg,0.563193380832672,"TÊN ĐẠI LÝ:|||VINMART|||ĐỊA CHỈ:|||SỐ 1060-1062 TRÁM PHÚ, P.C|||14/08/2020 20:35:27|||TỔNG|||100.000 Đ"
mcocr_private_145121rhddh.jpg,0.580579280853272,"VinCommerce|||VINH ONH Dự án KDC lấn biển cọc 6|||DA KHU DCLB CỌC 6, P. CẢM SƠN|||TP. Cảm Phá, T. Quảng Ninh|||Ngày bán: 12/08/2020 18:10|||TỔNG TIẾN PHẢI T. TOÁN|||12.000"
mcocr_private_145121qfwji.jpg,0.751986443996429,"NHÀ SÁCH GD-TC CẨM PHẢ|||ĐC: 212 Đường Trần Phú-Cẩm Phả|||Thời gian:10:23:00 - 15/08/2020|||Tổng số thanh toán|||7.000d"
mcocr_private_145121bgtjt.jpg,0.59403121471405,"VinCommerce|||VINH ONH TỔ 7, KHU MINH TIẾN A|||TỔ 7, KHU MINH TIẾN A|||P. Cầm Bình, TP. Cảm Pha, ONH|||Ngày bán: 14/08/2020 06:59|||TỔNG TIẾN PHẢI T. TOÁN|||12.000"
mcocr_private_145121armrj.jpg,0.771706879138947,"MINIMART ANAN|||Chợ Sủi Phú Thị Gia Lâm|||Ngày: 12/08/2020-08:07|||Tổng cộng|||108,000"
mcocr_private_145121fbfct.jpg,0.558946430683136,"VinCommerce|||VM+QNH 1060-1062 Trần Phú|||Số 1060-1062 Đường Trần Phú|||TP.Cẩm Phả, Quảng Ninh|||Ngày bán: 12/08/2020 16:09|||TỔNG TIẾN PHẢI T. TOÁN|||397.300"
mcocr_private_145121veynk.jpg,0.673826515674591,"VinCommerce|||Số 42 Phố Sủi, xã Phú Thị|||huyện Gia Lâm, Hà Nội|||Ngày bán: 14/08/2020 17:26|||TỔNG TIỀN PHẢI T. TOÁN|||193.920"
mcocr_private_145121xducg.jpg,0.639486253261566,"Saigon Co.op|||Co.op Food HN THE K-PARK|||Tang 1,SH42 - Toa K3, Cong trinh chung cu|||ket hop đich vu tren o dat H-CT2 thuoc|||Du an Dau tu xay dung Khu nha o Hi Brand|||tai Khu do thi moi Van Phu,|||P. Phu La, Q. Ha Dong, Tp Ha Noi|||Ngay: 23/09/2019|||Tong so tien thanh toan|||53,889.00"
mcocr_private_145121xnmdu.jpg,0.601932764053345,"VinCommerce|||VM+ QNH Tổ 7, Khu Minh Tiến A|||Tổ 7, Khu Minh Tiến A|||P.Cẩm Bình, TP. Cẩm Phả, QNH|||Ngày bán: 10/08/2020 07:46|||TỔNG TIẾN PHẢI T. TOÁN|||18.800"
mcocr_private_145121uahht.jpg,0.699144542217255,"VinCommerce|||VM+QNH 1060-1062 Trần Phú|||Số 1060-1062 Đường Trần Phú|||TP.Cẩm Phả, Quảng Ninh|||Ngày bán: 14/08/2020 17:38|||TỔNG TIẾN PHẢI T. TOÁN|||40.000"
mcocr_private_145121pzatx.jpg,0.769179999828339,"MINIMART ANAN|||Chợ Sủi Phú Thị Gia Lâm|||Ngày: 16/08/2020-17:12|||Tổng tiền|||62,000"
mcocr_private_145121xnpxe.jpg,0.519175410270691,"TÊN MỊ LÝ.|||VGN VUNHART 1967 LUMỘNH|||ĐỊA CHỈ ĐAI LÝ|||TO 8 KHU BB P CAN TRUNG|||CAM PHA QUANG NINH|||11:13:58|||NGÀY|||12/05/2020|||TỔNG CỘNG|||UND110,898"
mcocr_private_145121hzene.jpg,0.766288042068481,"NHÀ SÁCH GD-TC CẨM PHẢ|||ĐC: 212 Đường Trần Phú-Cẩm Phả|||Thời gian:11:37:45 - 14/08/2020|||Tổng số thanh toán|||220.000d"
mcocr_private_145121oiyws.jpg,0.761706292629242,"NHÀ SÁCH GD-TC CẨM PHẢ|||Trần Phú-Cẩm Phả|||Thời gian:09:17:21 - 11/08/2020|||Tổng số thanh toán:|||49.000đ"
mcocr_private_145121vspoh.jpg,0.735120236873627,"MINIMART ANAN|||Chợ Sủi Phú Thị Gia Lâm|||Ngày: 10/08/2020-17:10|||Tổng tiền|||135,336"
mcocr_private_145121lhsvo.jpg,0.632346332073212,"Saigon Co.op|||Co.op Food HN THE K-PARK|||Tang 1,SH42 - Toa K3, Cong trinh chung cu|||ket hop đich vu tren o dat H-CT2 thuoc|||Du an Dau tu xay dung Khu nha o Hi Brand|||tai Khu do thi moi Van Phu,|||P. Phu La, Q. Ha Dong, Tp Ha Noi|||Ngay: 19/09/2019|||Tong so tien thanh toan|||29,300.00"
mcocr_private_145121odzre.jpg,0.773577392101288,"SCTC CÔ THỎ 104 TRẦN PHÚ - CẨM|||PHẢ|||phường Cấm Tây - Thành phố Cấm|||Phá - Quảng Ninh|||Ngày: 10/08/2020 (09:17 CH - 09:17 CH)|||Tổng thanh toán|||25.000d"
mcocr_private_145121mncbm.jpg,0.414333581924439,"LIÊN MINH ÔNG ĐỊCH MINH|||ĐỊA CHỈ MI LÝ:|||TO B NHU 38 P CAM TRUNG|||CAM PHA QUANG NINH|||000102|||67:46:03||||||TỔNG CỘNG|||UND186,100"
mcocr_private_145121fszli.jpg,0.7594975233078,"MINIMART ANAN|||Chợ Sủi Phú Thị Gia Lâm|||Ngày: 15/08/2020-18:41|||Tổng tiền|||99,000"
mcocr_private_145121dvszj.jpg,0.75268417596817,"CỬA HÀNG NĂM OÁNH|||Thôn Phú Thuỵ, Xã Phú Thị, Huyện Gia Lâm, TP Hà Nội|||Ngày: 11-08-2020|||Cộng tiền hàng|||43,500"
mcocr_private_145121muyjp.jpg,0.425551325082779,"TÊN ĐẠI LÝ:|||VINMART|||ĐỊA CNH|||Số 1000-1042 tiên mu, P.C|||12.08/2829 09:33:40|||TỔNG|||993.665 Đ"
mcocr_private_145121xturt.jpg,0.605135202407837,"THỨC COFFEE|||22 Quang Trung, P10, Gò Vấp|||24.03.2019|||Ngày:|||Giờ ra:|||Giờ vào:|||Tiên Thanh Toán|||35 000"
mcocr_private_145121nwzna.jpg,0.722458839416504,"CỬA HÀNG NĂM OÁNH|||Thôn Phú Thuỵ, Xã Phú Thị, Huyện Gia Lâm, TP Hà Nội|||Ngày: 11-08-2020|||Cộng tiền hàng|||15,000"
mcocr_private_145121taoai.jpg,0.698619961738586,"VinCommerce|||VIN4 QNH 112 Thanh Niên|||Số 112 Thanh Niên, P. Cảm Thành|||TP. Cấm Phả, Quảng Ninh|||Ngày bán: 15/08/2020 09:12|||TỔNG TIỀN PHẢI T. TOÁN|||12.000"
mcocr_private_145121uppbx.jpg,0.66720050573349,"SIEU THI BACH HOA TONG HOP|||Số 5 Cẩm Tây - Cẩm Phả - QN|||Ngày: 10/08/2020-11|||Tổng cộng (đã gồm VAT)|||144,000"
mcocr_private_145121vdfbw.jpg,0.631523728370667,"VinCommerce|||VM+ QNH Tổ 7, Khu Minh Tiến A|||Tổ 7, Khu Minh Tiến A|||P.Cẩm Bình, TP. Cẩm Phả, QNH|||Ngày bán: 12/08/2020 21:18|||TỔNG TIẾN PHẢI T. TOÁN|||20.000"
mcocr_private_145121zgxth.jpg,0.774126529693604,"VinCommerce|||VIN4 QNH 112 Thanh Niên|||Số 112 Thanh Niên, P. Cảm Thành|||TP. Cầm Phá, Quảng Ninh|||08/2020 12:46|||TỔNG TIẾN PHẢI T. TOÁN|||26.400"
mcocr_private_145121gbura.jpg,0.616680383682251,"- oopmart.vn|||188 Hau Giang|||Ngay: 21/05/2020|||so tien thanh toan:|||1,488,500.00"
mcocr_private_145121fqdpf.jpg,0.595703303813934,"|||||||||"
mcocr_private_145121bddlk.jpg,0.762214362621307,"MINIMART ANAN|||Chợ Sủi Phú Thị Gia Lâm|||Ngày: 00/08/2020-2121|||Tổng cộng|||84,000"
mcocr_private_145121qtpyr.jpg,0.68244856595993,"Guitar Cafe|||28 Phan Chu Trinh, Hiệp Phú, Quận 9, Hồ|||Ngày lập: 03/10/2020|||Thành tiên: 80,000"
mcocr_private_145121srzde.jpg,0.606604814529419,"THỨC COFFEE|||22 Quang Trung, P10, Gò Vấp|||24.03.2019|||Ngày:|||Giờ ra:|||Giờ vào: 09.30|||Tiền Thanh Toán|||35 000"
mcocr_private_145121hlcvt.jpg,0.800274908542633,"MINIMART ANAN|||Chợ Sủi Phú Thị Gia Lâm|||Ngày: 11/08/2020-21:11|||Tổng tiền|||701,040"
mcocr_private_145121reeuz.jpg,0.693996012210846,"co.op smile|||CO.OPSMILE -A1 KHU B KTX ĐẠI HỌC QUỐC GIA|||Toa nha A1, Ky tuc xa khu B, Khu pho Tan Hoa,|||Phuong Dong Hoa, Thị xa Di An, Tỉnh Bình Duong|||Ngay: 07/09/2020|||Gio: 08:30:51|||TONG CONG|||17.000"
mcocr_private_145121ieaju.jpg,0.65661758184433,"Saigon Co.op|||Co.op Food HN THE K-PARK|||Tang 1,SH42 - Toa K3, Cong trinh chung cu|||ket hop đich vu tren o dat H-CT2 thuoc|||Du an Dau tu xay dung Khu nha o Hi Brand|||tai Khu do thi moi Van Phu,|||P. Phu La, Q. Ha Dong, Tp Ha Noi|||Ngay: 20/09/2019|||Tong so tien thanh toan|||27,213.00"
mcocr_private_145121yezog.jpg,0.556523740291595,"LA BUNG|||VGR VINHAKT 4997 LUMÍNH|||TÊN MỊ LÝ|||TO 8 KHU 3B P CAN TRUNG|||ĐỊA CHỈ ĐAI LÝ:|||CAM PHA QUANG NINH|||17:34:41|||TỔNG|||UND271,000"
mcocr_private_145121gguzl.jpg,0.73251885175705,"NHÀ SÁCH GD-TC CẨM PHẢ|||ĐC: 212 Đường Trần Phú-Cẩm Phả|||Thời gian:20:10:41 - 14/08/2020|||Tổng số thanh toán|||302.000đ"
mcocr_private_145121tddlr.jpg,0.743549287319183,"NHÀ SÁCH GD-TC CẨM PHẢ|||ĐC: 212 Đường Trần Phú-Cẩm Phả|||Thời gian:08:47:35 - 11/08/2020|||Tổng số thanh toán|||90.000d"
mcocr_private_145121ggbsz.jpg,0.726241767406464,"VinCommerce|||VM+ QNH Tổ 7, Khu Minh Tiến A|||Tổ 7, Khu Minh Tiến A|||P.Cẩm Bình, TP. Cẩm Phả, QNH|||Ngày bán: 12/08/2020 21:05|||TỔNG TIẾN PHẢI T. TOÁN|||40.900"
mcocr_private_145121rcvva.jpg,0.74500960111618,"MINIMART ANAN|||Chợ Sủi Phú Thị Gia Lâm|||Ngày: 12/08/2020-14:16|||Tổng cộng|||263,000"
mcocr_private_145121bciwl.jpg,0.63204163312912,"VinCommerce|||VM+ QNH Tổ 7, Khu Minh Tiến A|||Tổ 7, Khu Minh Tiến A|||P.Cẩm Bình, TP. Cẩm Phả, QNH|||Ngày bán: 13/08/2020 21:47|||TỔNG TIẾN PHẢI T. TOÁN|||103.000"
mcocr_private_145121fmuoc.jpg,0.410209238529205,"VinCommerce|||||||||24/08/20:|||10.800 VND"
mcocr_private_145121yyzal.jpg,0.658604502677918,"NHÀ SÁCH GD-TC CẨM PHẢ|||ĐC: 212 Đường Trần Phú-Cẩm Phả|||Thời gian:09:48.24 - 13/08/2020|||Tổng số thanh toán|||70.000d"
mcocr_private_145121rtufg.jpg,0.663938641548157,"||||||04/20/19 11:25|||"
mcocr_private_145121eojyh.jpg,0.73861688375473,"MINIMART ANAN|||Chợ Sủi Phú Thị Gia Lâm|||Ngày: 10/08/2020-17:22|||Tổng cộng|||68,000"
mcocr_private_145121fpqeu.jpg,0.611337184906006,"VinCommerce|||VM4 ANH Dự án KDC lấn biển cọc 6|||DA KHU DCLB CỌC 6, P. CẦM SƠN|||TP. Cầm Phá, T. Quảng Ninh|||Ngày: 15/08/2020|||Thời gian: 10:28|||"
mcocr_private_145121auqqj.jpg,0.725572884082794,"NHÀ SÁCH GD-TC CẨM PHẢ|||ĐC: 212 Đường Trần Phú-Cẩm Phả|||Thời gian:10:51:22 - 11/08/2020|||Tổng số thanh toán|||36.000đ"
mcocr_private_145121suqcn.jpg,0.730176448822022,"VinCommerce|||VM QNH Dự án KDC lấn biển cọc 6|||DA Khu DCLB cọc 6, P. Câm Sơn|||TP. Cảm Phà, T. Quảng Ninh|||Ngày bán: 14/08/2020 16:35|||TỔNG TIẾN PHẢI T. TOÁN|||6.400"
mcocr_private_145121svpot.jpg,0.648580312728882,"PHỐ MỎ|||Tổ 7 khu Tân Lập 4 - P.Cẩm Thủy|||Tp. Cẩm Phả - Quảng Ninh|||11/08/2020-17:52|||Tổng cộng:|||20,000"
mcocr_private_145121zqvoc.jpg,0.754196226596832,"MINIMART ANAN|||Chợ Sủi Phú Thị Gia Lâm|||Ngày: 10/08/2020-16:08|||Tổng cộng|||32,000"
mcocr_private_145121brrqt.jpg,0.745365083217621,"MINIMART ANAN|||Chợ Sủi Phú Thị Gia Lâm|||Ngày: 10/08/2020-17:09|||Tổng cộng|||74,000"
mcocr_private_145121olllu.jpg,0.765368759632111,"||||||Ngay: 21/05/2020|||"
mcocr_private_145121rvoxa.jpg,0.704080045223236,"Saigon Co.op|||Co.op Food HN THE K-PARK|||Tang 1,SH42 - Toa K3, Cong trinh chung cu|||ket hop đich vu tren o dat H-CT2 thuoc|||Du an Dau tu xay dung Khu nha o Hi Brand|||tai Khu do thi moi Van Phu,|||P. Phu La, Q. Ha Dong, Tp Ha Noi|||Ngay: 19/09/2019|||Tong so tien thanh toan|||25,200.00"
mcocr_private_145121sqpwb.jpg,0.666783511638641,"Saigon Co.op|||Co.op Food HN THE K-PARK|||Tang 1,SH42 - Toa K3, Cong trinh chung cu|||ket hop đich vu tren o dat H-CT2 thuoc|||Du an Dau tu xay dung Khu nha o Hi Brand|||tai Khu do thi moi Van Phu,|||P. Phu La, Q. Ha Dong, Tp Ha Noi|||Ngay: 19/09/2019|||18:16:44|||Tong so tien thanh toan|||59,190.00"
mcocr_private_145121zbmnw.jpg,0.553174614906311,"TÊN ĐẠI LÝ|||VGH VINMART 4587 VMQNH|||TO 8 KHU 3B P CAM TRUNG|||ĐỊA CHỈ ĐAI LY:|||CAM PHA QUANG NINH|||30/04/2020|||10:23:55|||TỔNG CỘNG|||UND62,000"
mcocr_private_145121vpylo.jpg,0.622570991516113,"Tiêm độ|||244/23a Huỳnh Văn Bánh, P.11, Q.PN|||04.10.2020 19.35|||Ngày/ giờ vào:|||Ngày/ giờ ra:|||04.10.2020 19.36|||Tiên Thanh Toán|||74 000"
mcocr_private_145121okklv.jpg,0.636580049991608,"VinCommerce|||VM+QNH 1060-1062 Trần Phú|||Số 1060-1062 Đường Trần Phú|||TP.Cẩm Phả, Quảng Ninh|||Ngày bán: 14/08/2020 06:47|||TỔNG TIẾN PHẢI T. TOÁN|||19.900"
mcocr_private_145121gntrz.jpg,0.666284024715424,"VinCommerce|||VM+QNH 1060-1062 Trần Phú|||Số 1060-1062 Đường Trần Phú|||TP.Cẩm Phả, Quảng Ninh|||Ngày bán: 12/08/2020 20:15|||TỔNG TIẾN PHẢI T. TOÁN|||46.000"
mcocr_private_145121oyoxa.jpg,0.754733204841614,"NHÀ SÁCH GD-TC CẨM PHẢ|||ĐC: 212 Đường Trần Phú-Cẩm Phả|||Thời gian:08:53:41 - 11/08/2020|||Tổng số thanh toán|||36.000d"
mcocr_private_145121vprze.jpg,0.779613554477692,"MINIMART ANAN|||Chợ Sủi Phú Thị Gia Lâm|||Ngày: 11/08/2020-16:58|||Tổng tiền|||112,000"
mcocr_private_145121mldik.jpg,0.637465953826904,"VinCommerce|||VM+ QNH Tổ 7, Khu Minh Tiến A|||Tổ 7, Khu Minh Tiến A|||P.Cẩm Bình, TP. Cẩm Phả, QNH|||Ngày bán: 13/08/2020 19:49|||TỔNG TIỀN PHẢI T. TOÁN|||28.000"
mcocr_private_145121ucwhf.jpg,0.640978395938873,"VinCommerce|||Số 42 Phố Súi, xã Phú Thị|||huyện Gia Lâm, Hà Nội|||Ngày bán: 15/08/2020 07:55|||TIẾN KHÁCH TRÁ|||148.000"
mcocr_private_145121lejvk.jpg,0.589081227779388,"VinCommerce|||VIN4 QNH 590 Trần Phú|||Số 590 Trần Phú, P. Cảm Thủy|||TP. Cảm Phả, Quảng Ninh|||Ngày:14/08/2020|||Thời gian:08:30|||"
mcocr_private_145121geflx.jpg,0.411177158355713,"VinCommerce|||VINH CNH 112 Thanh Niên|||Số 112 Tha sh Niân, P. Cảm Thánh|||TP. Cảm Phú, Quảng Ninh|||Ngày bán: 13/08/2020 10120|||TỔNG TIẾN PHẢI T. TOÁN|||203.397"
mcocr_private_145121ulqxe.jpg,0.677661716938019,"PHÔ MÔ|||Tổ 7 khu Tân Lập 4 - P.Cẩm Thủy|||Tp. Cẩm Phả - Quảng Ninh|||13/08/2020 - 19:52|||Tổng cộng:|||20,000"
mcocr_private_145121boead.jpg,0.627236902713776,"THỨC COFFEE|||Trung, P10, Gò Vấp|||31.03.2019|||Ngày:|||Giờ vào:|||14.21|||Giờ ra:|||14.22|||Tiền Thanh Toán|||70 000"
mcocr_private_145121sbmxe.jpg,0.580670893192291,"VinCommerce|||VIN4 QNH 86 Trần Phú|||Số 36 Đường Trần Phú, P. Cảm Tây|||TP Cảm Phá, T. Quảng Ninh|||Ngày bán: 10/08/2020 09:29|||TỔNG TIẾN PHẢI T. TOÁN|||323.495"
mcocr_private_145121wwpst.jpg,0.410848617553711,"ĐÁO CÁO MINH POS/CA|||||||||TỔNG TIẾN|||17.062.714"
mcocr_private_145121embny.jpg,0.651412069797516,"VinCommerce|||VM+HN: 36 Đình Thôn|||Số 35 Đinh Thôn Thôn P. Mỹ Đình 1|||Q. Nam Từ Uấn, Hà Nội|||Ngày bán: 14/08/2020 17:25|||TỔNG TIẾN PHẢI T. TOÁN|||178.722"
mcocr_private_145121rjbqf.jpg,0.665677726268768,"VinCommerce|||VM+ QNH Tổ 7, Khu Minh Tiến A|||Tổ 7, Khu Minh Tiến A|||P.Cẩm Bình, TP. Cẩm Phả, QNH|||Ngày:13/08/2020|||Thời gian: 18:16|||"
mcocr_private_145121bnfhp.jpg,0.627647519111633,"VinCommerce|||VM+QNH 1060-1062 Trần Phú|||Số 1060-1062 Đường Trần Phú|||TP.Cẩm Phả, Quảng Ninh|||Ngày bán: 13/08/2020 10:00|||TỔNG TIẾN PHẢI T. TOÁN|||66.800"
mcocr_private_145121nbiok.jpg,0.453045457601547,"|||||||||100/2020|||THÔNG:07/08/2020 22:10|||Tổng thanh toán|||19.622.030"
mcocr_private_145121zrjti.jpg,0.543779671192169,"VinCommerce|||VINH ÔNH 500 Trần Phú|||Số 500 Trần Phú, P. Còn Thủy|||TP Cảm Phú, Quảng Ninh|||Ngày bán: 14/08/2020 07:39|||TỔNG TIẾN PHẢI T. TOÁN|||61.000"
mcocr_private_145121ytyju.jpg,0.532465159893036,"VinCommerce|||VINH ÔNH Dự án KDC lần biển cọc 6|||DA KHU DCLB CỌC 8, P. CÀM SƠN|||TP. Cảm Pha, T. Quảng Ninh|||Ngày bán: 12/08/2020 18:15|||TỔNG TIẾN PHẢI T. TOÁN|||27.992"
mcocr_private_145121xmjqr.jpg,0.585402011871338,"VinCommerce|||VINH ONH 112 Thanh Niên|||Số 112 Thanh Niên, P. Cảm Thành|||TP. Cảm Phả, Quảng Ninh|||Ngày bán: 13/08/2020 06:45|||TỔNG TIẾN PHẢI T. TOÁN|||36.000"
mcocr_private_145121qtukg.jpg,0.626821160316467,"VinCommerce|||VM+ QNH Tổ 7, Khu Minh Tiến A|||Tổ 7, Khu Minh Tiến A|||P.Cẩm Bình, TP. Cẩm Phả, QNH|||Ngày bán: 13/08/2020 16:13|||TỔNG TIẾN PHẢI T. TOÁN|||49.500"
mcocr_private_145121mihjo.jpg,0.781550586223602,"NHÀ SÁCH GD-TC CẨM PHẢ|||ĐC: 212 Đường Trần Phú-Cẩm Phả|||Thời gian:20:21:36 - 14/08/2020|||Tổng số thanh toán|||64.000d"
mcocr_private_145121lnerw.jpg,0.61950957775116,"BICYCLE SHOP||||||18:24 12/08/2020|||"
mcocr_private_145121jfljk.jpg,0.503449618816376,"VinCommerce|||VINH ONH TỔ 8 KHU 38 Cảm Trung|||Tổ 8, Khu 38, P. Cảm Trưng|||TP. Cần Phú, T. Quảng Ninh|||Ngày bán: 13/08/2020 10:03|||TỔNG TIẾN PHẢI 1. TOÁN|||14.000"
mcocr_private_145121ggvml.jpg,0.756335973739624,"MINIMART ANAN|||Chợ Sủi Phú Thị Gia Lâm|||Ngày: 10/08/2020-14:24|||Tổng cộng|||103,000"
mcocr_private_145121rjevp.jpg,0.535534203052521,"VinCommerce|||VM+QNH 1060-1062 Trần Phú|||Số 1060-1062 Đường Trần Phú|||TP.Cẩm Phả, Quảng Ninh|||Ngày tăn: 13/08/2020 18:01|||TỔNG TIẾN PHẢI T. TOÁN|||246.032"
mcocr_private_145121pmgai.jpg,0.632634162902832,"VinCommerce|||VM+ QNH Tổ 7, Khu Minh Tiến A|||Tổ 7, Khu Minh Tiến A|||P.Cẩm Bình, TP. Cẩm Phả, QNH|||Ngày:13/08/2020|||Thời gian: 16:34|||"
mcocr_private_145121itzwi.jpg,0.611287474632263,"SIEU THI BACH HOA TONG HOP|||Số 5 Cẩm Tây - Cẩm Phả - QN|||Ngày: 10/08/2020-11|||Tổng cộng (đã gốm VAT)|||144,000"
mcocr_private_145121lvehe.jpg,0.633993327617645,"VinCommerce|||VINH ONH 112 Thanh Niên|||Số 112 Thanh Niên, P. Cảm Thành|||TP. Cảm Phá, Quảng Ninh|||Ngày bán: 11/08/2020 21:53|||TỔNG TIẾN PHẢI T. TOÁN|||61.000"
mcocr_private_145121ayruq.jpg,0.695334136486053,"CỬA HÀNG NĂM OÁNH|||Thôn Phú Thuỵ, Xã Phú Thị, Huyện Gia Lâm, TP Hà Nội|||Ngày: 11-08-2020|||Cộng tiền hàng|||14,000"
mcocr_private_145121vgzge.jpg,0.739269435405731,"VinCommerce|||VIN4 QNH 86 Trần Phú|||Số 86 Đường Trần Phú, P. Cảm Tây|||TP Cảm Phà, T. Quảng Ninh|||Ngày bán: 10/08/2020 22:08|||TỔNG TIẾN PHẢI T. TOÁN|||18.100"
mcocr_private_145121inkgz.jpg,0.727899670600891,"MINIMART ANAN|||Chợ Sủi Phú Thị Gia Lâm|||Ngày: 15/08/2020-19:15|||Tổng cộng|||79,000"
mcocr_private_145121tuldp.jpg,0.651043891906738,"Saigon Co.op|||Co.op Food HN THE K-PARK|||Tang 1,SH42 - Toa K3, Cong trinh chung cu|||ket hop đich vu tren o dat H-CT2 thuoc|||Du an Dau tu xay dung Khu nha o Hi Brand|||tai Khu do thi moi Van Phu,|||P. Phu La, Q. Ha Dong, Tp Ha Noi|||Ngay: 23/09/2019|||10:22:20|||Tong so tien thanh toan|||38,735.00"
mcocr_private_145121inqak.jpg,0.590562582015991,"VinCommerce|||VINH ONH 500 Trần Phú|||Số 590 Trần Phú, P. Cảm Thủy|||TP. Cảm Phả, Quảng Ninh|||Ngày bán: 14/08/2020 09:04|||TỔNG TIẾN PHẢI T. TOÁN|||15.000"
mcocr_private_145121nwwgt.jpg,0.649158000946045,"VinCommerce|||VM+ QNH Tổ 7, Khu Minh Tiến A|||Tổ 7, Khu Minh Tiến A|||P.Cẩm Bình, TP. Cẩm Phả, QNH|||Ngày bán: 13/08/2020 19:55|||TỔNG TIỀN PHẢI T. TOÁN|||120.327"
mcocr_private_145121rsloz.jpg,0.76394122838974,"CỬA HÀNG NĂM OÁNH|||Thôn Phú Thuỵ, Xã Phú Thị, Huyện Gia Lâm, TP Hà Nội|||Ngày: 11-08-2020|||Cộng tiền hàng|||57,000"